fid,LATITUDE,LONGITUDE
737395,47.4881,-117.5241
737396,47.5,-117.5
737397,47.50027778,-117.5230556
737398,47.51,-117.51596
737399,47.51351,-117.48937
737400,47.51351,-117.48937
737401,47.51386,-117.47881
737402,47.51386,-117.47881
737403,47.51691,-117.49982
737404,47.517,-117.4866
737405,47.51713,-117.5105
737406,47.5173,-117.48399
737407,47.5176,-117.5187
737408,47.52037,-117.52105
737409,47.52045,-117.51575
737410,47.5216,-117.4897
737411,47.52358,-117.51036
737412,47.52363,-117.51572
737413,47.52363,-117.51572
737414,47.5245481,-117.5052479
737415,47.5263,-117.4801
737416,47.5272,-117.4775
737417,47.52729,-117.48909
737418,47.53075,-117.52108
737419,47.515,-117.4864
737420,47.5261,-117.5161
737421,47.5307,-117.5027
737422,47.5218,-117.5219
737423,47.5154,-117.5195
737424,47.51026,-117.4736
737425,47.51026,-117.4736
737428,47.4911,-117.4712
737429,47.4922,-117.4899
737430,47.5286,-117.504
737431,47.53035,-117.5503
737432,47.52079,-117.4772
737433,47.51674,-117.5199
737434,47.49858,-117.4786
737435,47.51196213,-117.8200819
738224,47.43252,-117.77101
738226,47.41841,-117.8133
738228,47.28015,-117.76614
738232,47.3567,-117.8139
738234,47.36034,-117.81992
738235,47.35307,-117.81987
738237,47.42894904,-117.8160937
738238,47.40889629,-117.7909407
738239,47.43333333,-117.7666667
738241,47.3756,-117.7928
738242,47.3847,-117.8081
738243,47.3669,-117.8006
738249,47.3554,-117.8083
738257,47.42881,-117.78719
738258,47.42881001,-117.7872
738259,47.42768,-117.7682
738261,47.43239,-117.79228
738262,47.43235,-117.79767
738478,47.3669,-117.8142
738479,47.41484,-117.81327
738480,47.3846,-117.8091
738481,47.33488,-117.80875
738482,47.4147,-117.80795
738483,47.41804,-117.80265
738484,47.4215,-117.79744
738485,47.35666,-117.79237
738486,47.3406,-117.7871
738487,47.4216,-117.7857
738488,47.3332,-117.7844
738489,47.3646,-117.7838
738490,47.4231,-117.7836
738491,47.345,-117.7798
738492,47.4035,-117.7623
738493,47.4034,-117.7532
738494,47.2947,-117.74997
738495,47.35674998,-117.7493
738496,47.41512,-117.7436
738497,47.34115537,-117.742065
738498,47.40042,-117.72826
738499,47.42578,-117.72815
738500,47.2672,-117.7258
738501,47.3821,-117.7225
738502,47.3789,-117.8117
738503,47.4214,-117.7756
738504,47.3744,-117.8119
738505,47.2897,-117.7901
738506,47.42279,-117.7976
738507,47.41512,-117.8182
738508,47.41127,-117.817
738509,47.42897,-117.76025
738510,47.42894,-117.7656
738511,47.42574,-117.7619
738529,47.44191,-117.7828
738531,47.51371,-117.81954
738532,47.50647,-117.8195
738533,47.51729,-117.81417
738534,47.4578,-117.8081
738535,47.52045,-117.80348
738536,47.45526,-117.80293
738537,47.47693,-117.79766
738538,47.5133,-117.79276
738539,47.52033,-117.79273
738540,47.45518,-117.7924
738541,47.45153,-117.78708
738542,47.52017001,-117.782
738543,47.51294,-117.78201
738544,47.50961626,-117.7779354
738545,47.49127,-117.7763
738546,47.44086997,-117.7657
738547,47.52004998,-117.7553
738548,47.44102,-117.7497
738549,47.44446001,-117.7443
738550,47.487,-117.7438
738551,47.44437,-117.76575
738552,47.47315,-117.77662
738553,47.52051,-117.81955
738554,47.50202,-117.77125
738555,47.49492,-117.78697
738556,47.46956,-117.78189
738557,47.49922,-117.81925
738558,47.46951,-117.77664
738559,47.4912,-117.76062
738560,47.4587,-117.811
738561,47.4732,-117.8108
738562,47.4978,-117.793
738563,47.4698,-117.7808
738564,47.4677,-117.7713
738565,47.4875,-117.7895
738566,47.4585,-117.7684
738567,47.4884,-117.7943
738568,47.4514,-117.7715
738569,47.4368,-117.7765
738570,47.4777,-117.814
738571,47.4443,-117.7723
738572,47.43594,-117.7859
738573,47.45501,-117.8141
738574,47.5101,-117.8139
738575,47.50746,-117.7818
738576,47.47122,-117.7684
738577,47.51712,-117.7859
738578,47.5171261,-117.7859141
741225,47.5332,-117.5363
741226,47.56490529,-117.5338269
741227,47.55936,-117.53234
741228,47.539,-117.531
741229,47.56044,-117.5295
741230,47.5433,-117.5291
741231,47.57395,-117.52731
741232,47.55817,-117.5273
741233,47.55945997,-117.5269
741234,47.55592,-117.52676
741235,47.54152,-117.52651
741236,47.55822,-117.5265
741237,47.55182,-117.5252
741238,47.57753528,-117.5175862
741239,47.56686,-117.51611
741240,47.56322,-117.51603
741241,47.54874,-117.51572
741242,47.5328,-117.5155
741243,47.56658,-117.5147
741244,47.57417,-117.51099
741245,47.57417,-117.51099
741246,47.56324,-117.51069
741247,47.55603,-117.51049
741248,47.5453,-117.5081
741249,47.55608,-117.50513
741250,47.55247,-117.50502
741251,47.53080998,-117.505
741252,47.57701,-117.5385
741253,47.5471,-117.684
741254,47.5309,-117.682
741255,47.57282,-117.682
741256,47.5839,-117.6808
741257,47.57468,-117.66923
741258,47.53827,-117.66911
741259,47.57831,-117.66387
741260,47.57468,-117.66384
741261,47.5674,-117.66377
741262,47.57417,-117.6637
741263,47.5736,-117.6598
741264,47.54089468,-117.6594366
741265,47.5761,-117.659
741266,47.57468,-117.65849
741267,47.5771,-117.6584
741268,47.56737,-117.65838
741269,47.56737,-117.65838
741270,47.5528,-117.65832
741271,47.58599,-117.6572
741272,47.56904,-117.6649
741273,47.56953,-117.657
741274,47.58536,-117.6573
741275,47.5309,-117.48902
741276,47.53095,-117.48368
741277,47.53808,-117.4942
741278,47.54553,-117.46777
741279,47.55625,-117.48909
741280,47.55974,-117.49989
741281,47.56335,-117.5
741282,47.56701,-117.49471
741283,47.5709,-117.46802
741284,47.57156153,-117.4616619
741285,47.57429,-117.48936
741286,47.57799,-117.47863
741287,47.57805,-117.47333
741288,47.58165997,-117.4734
741289,47.58891,-117.4892
741290,47.59258,-117.46798
741291,47.59618,-117.48369
741292,47.59632,-117.4944
741293,47.59632,-117.4944
741294,47.6061,-117.4648
741295,47.5891,-117.4838
741296,47.5458,-117.465
741297,47.6061,-117.4647
741298,47.5745,-117.4865
741299,47.57063,-117.49473
741300,47.59259,-117.48912
741301,47.5713,-117.4835
741302,47.5487,-117.5012
741303,47.5585,-117.5016
741304,47.5745,-117.4677
741305,47.6006,-117.4801
741306,47.5562,-117.4941
741307,47.5626,-117.4938
741308,47.5626,-117.4938
741309,47.5989,-117.501
741310,47.5423,-117.4843
741311,47.5979,-117.4595
741312,47.55219,-117.4758
741313,47.56886,-117.4914
741314,47.53164,-117.4928
741315,47.59353,-117.4959
741316,47.60726,-117.5011
741317,47.57678,-117.4632
741318,47.53734,-117.4599
741319,47.53559,-117.4632
741320,47.56012001,-117.4574
741321,47.56375,-117.45751
741322,47.58547,-117.45764
741323,47.58547,-117.45764
741326,47.54545,-117.81949
741327,47.53765,-117.8186
741328,47.5436,-117.8112
741329,47.5951,-117.8029
741330,47.56376,-117.79823
741331,47.57936,-117.7892
741332,47.56744,-117.77144
741333,47.59603,-117.7703
741334,47.55651,-117.76593
741335,47.57374289,-117.7624692
741336,47.63071,-117.7577
741337,47.5309,-117.747
741338,47.5598,-117.7466
741339,47.57897,-117.7354
741340,47.6134,-117.7309
741341,47.59,-117.73
741342,47.5447,-117.7279
741343,47.59488809,-117.7263386
741344,47.60746,-117.723
741345,47.57477,-117.7227
741346,47.62112,-117.7213
741347,47.58792,-117.7363
741349,47.5581,-117.6028
741350,47.5525,-117.6017
741351,47.5601,-117.5969
741352,47.561653,-117.596167
741353,47.5595,-117.5954
741354,47.54515,-117.5945
741355,47.54554998,-117.5942
741356,47.56008999,-117.5942
741357,47.56511,-117.5931
741358,47.5773,-117.5905
741359,47.54191,-117.58887
741360,47.5346,-117.58354
741361,47.53099,-117.5781
741362,47.55617,-117.55379
741363,47.54176,-117.55336
741364,47.53092,-117.5531
741365,47.5434,-117.5519
741366,47.5434,-117.5519
741367,47.541,-117.5491
741368,47.56668,-117.54902
741369,47.5755,-117.5484
741370,47.54169,-117.54801
741371,47.57739,-117.54377
741372,47.57375,-117.54374
741373,47.5701,-117.54371
741374,47.58145,-117.5841
741375,47.57789,-117.543
741376,47.57,-117.6105
741377,47.5523,-117.6115
741378,47.56275,-117.5979
741379,47.56673,-117.6062
741380,47.53240419,-117.3873787
741381,47.532728,-117.399306
741382,47.53471,-117.39783
741383,47.53496,-117.3956
741384,47.5441,-117.3957
741385,47.54544,-117.37669
741386,47.54562,-117.3983
741387,47.54562,-117.3983
741388,47.54572,-117.40373
741389,47.5511,-117.3791
741390,47.55647,-117.3937
741391,47.55648,-117.3878
741392,47.5566,-117.39859
741393,47.55682,-117.4094
741394,47.55722,-117.3884
741395,47.5578,-117.3791
741396,47.55825,-117.3766
741397,47.55846,-117.4012
741398,47.5604,-117.40397
741399,47.5604,-117.4182
741400,47.5605,-117.3796
741401,47.562,-117.383
741402,47.56408,-117.40395
741403,47.56767,-117.39861
741404,47.56773997,-117.4146
741405,47.5713,-117.39855
741406,47.57135,-117.40389
741407,47.5722,-117.4163
741408,47.57301,-117.4011
741409,47.57482,-117.37709
741410,47.53955,-117.4089
741411,47.54369,-117.4005
741412,47.63388,-117.4478
741413,47.65084,-117.4465
741414,47.6347,-117.4483
741415,47.62331,-117.4408
741416,47.65125,-117.4471
741417,47.61163,-117.4338
741418,47.61202,-117.4226
741419,47.64873,-117.4493
741420,47.5828,-117.4293
741421,47.58113,-117.4208
741422,47.54604,-117.4467
741423,47.63001,-117.4465
741424,47.5886,-117.4481
741425,47.6205,-117.4464
741426,47.6168,-117.4534
741427,47.6504,-117.4224
741428,47.5849,-117.4523
741429,47.5824,-117.4422
741430,47.6501,-117.4196
741431,47.59269,-117.4521
741432,47.5894,-117.4214
741433,47.6047,-117.4423
741434,47.64817,-117.41921
741435,47.58567,-117.41975
741436,47.57843,-117.41986
741437,47.57466,-117.42522
741438,47.56743,-117.42527
741439,47.56382,-117.42531
741440,47.58899,-117.42964
741441,47.54198,-117.43029
741442,47.56003,-117.43511
741443,47.55641,-117.43525
741444,47.53469,-117.43592
741445,47.60345,-117.44004
741446,47.59983,-117.44014
741447,47.59983,-117.44014
741448,47.53469,-117.44126
741449,47.6037,-117.4438
741450,47.6041904,-117.4448106
741451,47.57459,-117.44632
741452,47.54922,-117.45185
741453,47.53829,-117.4519
741454,47.59269,-117.4521
741455,47.59269,-117.4521
741456,47.5963,-117.45211
741457,47.5963,-117.45211
741458,47.5963,-117.45211
741459,47.58425833,-117.4528802
741460,47.64178,-117.4499
741461,47.61319,-117.6069
741462,47.64566,-117.6066
741463,47.626,-117.6043
741464,47.60035,-117.6002
741465,47.63024,-117.57983
741466,47.60371,-117.57795
741467,47.5944,-117.573
741468,47.60007,-117.57255
741469,47.59282,-117.56719
741470,47.59238,-117.5624
741471,47.606,-117.5524
741472,47.6001,-117.5486
741473,47.59553,-117.5427
741474,47.64851,-117.54237
741475,47.59328,-117.5394
741476,47.60435,-117.5359
741477,47.60676,-117.5324
741478,47.60573,-117.5312
741479,47.60394761,-117.527299
741480,47.64392,-117.5407
741481,47.58846,-117.5353
741482,47.60284,-117.5809
741483,47.59105,-117.5666
741484,47.64650612,-117.6043141
741485,47.65190613,-117.5674141
741486,47.64598678,-117.4807039
741487,47.6293,-117.4806
741488,47.6542,-117.4804
741489,47.61672,-117.4793
741490,47.63745,-117.4785
741491,47.64105,-117.47842
741492,47.6548,-117.4782
741493,47.65552,-117.47801
741494,47.6425,-117.4775
741495,47.642,-117.477
741496,47.6212,-117.4769
741497,47.64381,-117.4768
741498,47.63739,-117.4729
741499,47.63836,-117.4711
741500,47.6552,-117.4691
741501,47.6541,-117.468
741502,47.61929,-117.4675
741503,47.64096,-117.4659
741504,47.6377,-117.465
741505,47.62145764,-117.4626191
741506,47.65215,-117.4621
741507,47.63378,-117.4597
741508,47.64784,-117.4673
741509,47.65627,-117.4653
741510,47.64137,-117.4694
741511,47.66269,-117.4672
741512,47.66269,-117.4672
741513,47.6408,-117.4801
741514,47.65532,-117.4699
741515,47.6494,-117.4798
741516,47.64267,-117.4707
741517,47.65824614,-117.4576141
741518,47.64477,-117.5049
741519,47.65557,-117.5048
741520,47.6241,-117.5048
741521,47.6219,-117.5044
741522,47.62297,-117.49964
741523,47.65555,-117.49944
741524,47.641879,-117.497213
741525,47.65193,-117.49406
741526,47.6414,-117.494
741527,47.6428,-117.4894
741528,47.63025,-117.48906
741529,47.63386,-117.48902
741530,47.6403,-117.489
741531,47.62296,-117.48896
741532,47.61931,-117.48887
741533,47.6404,-117.4884
741534,47.6423,-117.4882
741535,47.6271,-117.4876
741536,47.6455,-117.4862
741537,47.6521,-117.4862
741538,47.6377,-117.4861
741539,47.6211,-117.4859
741540,47.6509,-117.4847
741541,47.64107,-117.48369
741542,47.6193,-117.48354
741543,47.65913,-117.48328
741544,47.637,-117.4831
741545,47.6402,-117.4831
741546,47.6402,-117.4831
741547,47.6303,-117.4826
741548,47.65617,-117.4824
741549,47.64876,-117.4947
741550,47.6488,-117.4922
741551,47.65216,-117.4819
741552,47.64862,-117.4877
741553,47.62192,-117.5005
741554,47.64159,-117.489
741555,47.64373,-117.5012
741556,47.64264,-117.4841
741557,47.63629,-117.4859
741558,47.6412,-117.7042
741559,47.6414,-117.7254
741560,47.6426,-117.6975
741561,47.6509,-117.6992
741562,47.65998001,-117.7632
741563,47.67042,-117.70893
741564,47.67456328,-117.7053925
741565,47.67707,-117.6975
741566,47.67763,-117.70353
741567,47.6778,-117.6981
741568,47.67965,-117.7115
741569,47.69277,-117.77375
741570,47.69373969,-117.7323429
741571,47.69981,-117.80616
741572,47.7071,-117.7049
741573,47.7127,-117.7371
741574,47.7145,-117.71
741575,47.7164,-117.724
741576,47.71778997,-117.7575
741577,47.7215,-117.7184
741578,47.7229,-117.7421
741579,47.7231,-117.7006
741580,47.72484,-117.7035
741581,47.72489,-117.7251
741582,47.7296,-117.7024
741583,47.73208,-117.70353
741584,47.73216,-117.7305
741585,47.69227,-117.7147
741586,47.71397,-117.7331
741587,47.64354,-117.7405
741588,47.6956,-117.7247
741589,47.71246612,-117.6990141
741590,47.646,-117.6818
741591,47.64847,-117.67122
741592,47.64848,-117.67657
741593,47.65115,-117.6493
741594,47.6552,-117.672
741595,47.6554,-117.6544
741596,47.6556,-117.64966
741597,47.66093939,-117.647797
741598,47.66293,-117.66572
741599,47.6647,-117.679
741600,47.66882,-117.6637
741601,47.6798,-117.6663
741602,47.6799,-117.6799
741603,47.68024,-117.6233
741604,47.68463,-117.6603
741605,47.68474,-117.67639
741606,47.68476,-117.68717
741607,47.6852,-117.6761
741608,47.69199,-117.68176
741609,47.692,-117.68718
741610,47.69541,-117.63346
741611,47.69556,-117.66569
741612,47.6956,-117.67642
741613,47.696143,-117.676252
741614,47.69917,-117.65491
741615,47.69923,-117.6603
741616,47.69928,-117.6657
741617,47.70114,-117.6472
741618,47.70288,-117.6389
741619,47.7048523,-117.6663342
741620,47.70699,-117.6448
741621,47.7085,-117.6348
741622,47.71015,-117.62291
741623,47.7106,-117.6324
741624,47.7124,-117.6229
741625,47.64091,-117.6622
741626,47.64994,-117.6717
741627,47.66026612,-117.6493141
741628,47.6551,-117.5212
741629,47.65578,-117.53166
741630,47.6777,-117.577
741631,47.68091,-117.57988
741632,47.6837,-117.6012
741633,47.69177,-117.60121
741634,47.698,-117.5801
741635,47.71,-117.55858
741636,47.72449,-117.58541
741637,47.7256,-117.5621
741638,47.7339,-117.5733
741639,47.7346,-117.5362
741640,47.73515,-117.54754
741641,47.73522,-117.56904
741642,47.7415,-117.5844
741643,47.74247,-117.57971
741644,47.74959,-117.59608
741645,47.6762,-117.6079
741646,47.65766,-117.5249
741647,47.75663,-117.58524
741648,47.67901,-117.593
741649,47.74565,-117.6061
741650,47.66984,-117.5901
741651,47.67062,-117.5765
741652,47.69042,-117.5759
741653,47.7162,-117.5625
741654,47.74261,-117.5697
741655,47.74412,-117.6139
741656,47.65685,-117.5335
741657,47.74694,-117.5673
741658,47.7472,-117.5778
741659,47.6653,-117.5276
741660,47.6653,-117.5491
741661,47.71476,-117.6157
741662,47.66941,-117.544
741663,47.7316,-117.5423
741664,47.66473,-117.5287
741665,47.72622,-117.5354
741666,47.71387,-117.5941
741667,47.66701,-117.5561
741668,47.69924,-117.573
741669,47.67024,-117.6118
741670,47.69843,-117.5343
741671,47.6624,-117.4782
741672,47.66271,-117.47779
741673,47.66271,-117.47779
741674,47.66273,-117.48318
741675,47.6628,-117.49923
741676,47.6636,-117.4774
741677,47.6657,-117.4714
741678,47.6663,-117.4777
741679,47.66636,-117.48845
741680,47.66652,-117.50992
741681,47.66652,-117.50992
741682,47.66652,-117.50992
741683,47.66989,-117.47765
741684,47.66996,-117.48837
741685,47.67002,-117.4937
741686,47.6732,-117.4948
741687,47.67359,-117.48833
741688,47.6739,-117.4927
741689,47.67723,-117.48835
741690,47.67857,-117.4883
741691,47.6795,-117.4901
741692,47.6797,-117.5062
741693,47.68086,-117.48837
741694,47.68086,-117.48837
741695,47.68094,-117.50451
741696,47.6819,-117.5025
741697,47.683,-117.4787
741698,47.6831,-117.4786
741699,47.6843,-117.5044
741700,47.6852,-117.5067
741701,47.68592,-117.5004
741702,47.68614,-117.5004
741703,47.68677,-117.4756
741704,47.6871,-117.4713
741705,47.67723,-117.48835
741706,47.67723,-117.48835
741707,47.6664,-117.49375
741708,47.67012,-117.50979
741709,47.6789,-117.4446
741710,47.67897,-117.4544
741711,47.67776,-117.4563
741712,47.68531,-117.4758
741713,47.66387,-117.458
741714,47.68118,-117.4648
741715,47.67913,-117.4531
741716,47.6653,-117.4633
741717,47.66572,-117.4583
741718,47.68634,-117.4955
741719,47.67431,-117.4506
741720,47.68121,-117.4809
741721,47.68691,-117.533
741722,47.68663,-117.5306
741723,47.68642,-117.5331
741724,47.72078,-117.4844
741725,47.68643,-117.531
741726,47.68533,-117.5324
741727,47.66835,-117.5221
741728,47.68735,-117.4604
741729,47.72811,-117.5155
741730,47.68129,-117.5182
741731,47.68818,-117.4612
741732,47.72149,-117.5164
741733,47.6898,-117.5331
741734,47.6893,-117.5291
741735,47.6941,-117.5211
741736,47.7308,-117.5022
741737,47.67709,-117.45609
741738,47.69189,-117.52633
741739,47.72471356,-117.4983188
741740,47.72073,-117.50494
741741,47.72072,-117.51033
741742,47.71344,-117.49961
741743,47.70984,-117.4996
741744,47.70625,-117.49419
741745,47.70625,-117.49419
741746,47.70624,-117.49955
741747,47.70623,-117.505
741748,47.69907,-117.5318
741749,47.69904,-117.51034
741750,47.69902,-117.4994
741751,47.69894,-117.478
741752,47.69528,-117.47244
741753,47.69528,-117.4724
741754,47.69182,-117.51013
741755,47.68468,-117.5316
741756,47.68106,-117.53152
741757,47.68106,-117.53152
741758,47.6797,-117.5276
741759,47.67742,-117.52605
741760,47.67822,-117.5263
741761,47.69685,-117.5254
741762,47.69139,-117.5167
741763,47.72799,-117.51567
741764,47.72447,-117.46202
741765,47.69585,-117.4621
741766,47.69173,-117.467
741767,47.72632,-117.4697
741768,47.72439,-117.5049
741769,47.72151,-117.4993
741770,47.66942,-117.5149
741771,47.76042,-117.44554
741772,47.75684,-117.44549
741773,47.7558,-117.4411
741774,47.75311,-117.4349
741775,47.75969,-117.4301
741776,47.74586,-117.4299
741777,47.74737,-117.4297
741778,47.744,-117.4293
741779,47.7526,-117.4267
741780,47.74513,-117.4261
741781,47.75665,-117.42453
741782,47.736806,-117.42177
741783,47.7552,-117.4211
741784,47.7458,-117.41947
741785,47.73496,-117.41944
741786,47.7568,-117.4171
741787,47.7572,-117.4094
741788,47.74213,-117.40878
741789,47.75708,-117.4086
741790,47.7558,-117.4072
741791,47.7538,-117.405
741792,47.7617,-117.4035
741793,47.74934,-117.40333
741794,47.75956,-117.4032
741795,47.7579,-117.4026
741796,47.7454,-117.4023
741797,47.77546,-117.510618
741798,47.78197,-117.51017
741799,47.76404,-117.51005
741800,47.7658,-117.5074
741801,47.76085367,-117.5067182
741802,47.739,-117.5048
741803,47.739,-117.5048
741804,47.78015,-117.5046
741805,47.756,-117.5015
741806,47.77299,-117.5013
741807,47.73900431,-117.4997743
741808,47.73536,-117.4994
741809,47.76413,-117.4993
741810,47.76413,-117.49926
741811,47.7574,-117.4948
741812,47.73901998,-117.494
741813,47.76415,-117.4939
741814,47.7606,-117.49387
741815,47.76415,-117.49387
741816,47.76414,-117.48312
741817,47.76772,-117.48312
741818,47.7714,-117.4782
741819,47.78218,-117.47259
741820,47.7529,-117.4709
741821,47.7814,-117.4669
741822,47.78014,-117.4644
741823,47.7372,-117.4643
741824,47.77484,-117.46178
741825,47.77484,-117.46178
741826,47.73853,-117.5049
741827,47.73891,-117.4773
741828,47.73366,-117.4842
741829,47.75299,-117.55818
741830,47.76736,-117.553
741831,47.76012,-117.55289
741832,47.78127,-117.5496
741833,47.76373,-117.54758
741834,47.75654002,-117.5475
741835,47.74584,-117.54732
741836,47.74939,-117.542
741837,47.7801,-117.5376
741838,47.753,-117.53673
741839,47.7498,-117.5325
741840,47.76355,-117.5322
741841,47.7412,-117.5265
741842,47.75898,-117.5263
741843,47.75319,-117.52613
741844,47.76031,-117.5261
741845,47.75862,-117.5218
741846,47.74767,-117.5215
741847,47.73895,-117.52101
741848,47.74607,-117.5203
741849,47.7681,-117.5187
741850,47.75689,-117.5154
741851,47.7458,-117.5145
741852,47.752,-117.5488
741853,47.75962,-117.5586
741854,47.73905,-117.7109
741855,47.74593012,-117.7537642
741856,47.74816748,-117.696598
741857,47.75026,-117.71982
741858,47.75749,-117.70379
741859,47.7576,-117.74146
741860,47.75764,-117.74683
741861,47.75764,-117.74683
741862,47.7583,-117.7534
741863,47.76111,-117.71995
741864,47.76123,-117.74148
741865,47.76123,-117.74148
741866,47.76127,-117.74686
741867,47.76135,-117.76307
741868,47.76234892,-117.7028584
741869,47.76471,-117.70925
741870,47.76475,-117.7253
741871,47.76477,-117.73072
741872,47.76486,-117.7469
741873,47.7661,-117.7206
741874,47.7668,-117.7873
741875,47.76836,-117.69852
741876,47.76836,-117.69852
741877,47.76849,-117.75226
741878,47.77192,-117.71471
741879,47.75368,-117.7681
741880,47.756,-117.7446
741881,47.75600612,-117.7446141
741882,47.7577,-117.6067
741883,47.7659,-117.6147
741884,47.7749,-117.6407
741885,47.77496,-117.60163
741886,47.77517,-117.6392
741887,47.77517,-117.6392
741888,47.7752,-117.64457
741889,47.78257,-117.65548
741890,47.7911,-117.6224
741891,47.79326,-117.6285
741892,47.7949,-117.6563
741893,47.7966,-117.6715
741894,47.8008,-117.65006
741895,47.8027,-117.6259
741896,47.805,-117.6128
741897,47.8091,-117.6191
741898,47.8113,-117.6152
741899,47.81153,-117.6394
741901,47.81507,-117.6341
741904,47.81878,-117.64482
741905,47.8217,-117.657
741907,47.82246,-117.66116
741908,47.8094,-117.6152
741909,47.7976,-117.6195
741910,47.77289,-117.6059
741911,47.76098,-117.65531
741912,47.7573,-117.629
741913,47.75646,-117.6718
741914,47.75742,-117.6552
741915,47.78399,-117.6167
741916,47.7986,-117.5995
741917,47.7615,-117.3958
741918,47.76372,-117.37643
741919,47.76373,-117.38178
741920,47.76446,-117.3883
741921,47.76473,-117.3891
741922,47.76566,-117.4015
741923,47.76741,-117.39778
741924,47.7677,-117.4003
741925,47.76899,-117.3856
741926,47.76948,-117.3847
741927,47.7699,-117.3818
741928,47.7738,-117.4088
741929,47.77442,-117.3974
741930,47.77738,-117.4011
741931,47.7783,-117.40297
741932,47.77917,-117.4025
741933,47.78147,-117.3759
741934,47.7846,-117.4064
741935,47.7855,-117.39207
741936,47.78762,-117.3848
741937,47.78904,-117.38134
741938,47.79111,-117.4007
741939,47.79341,-117.3919
741940,47.76436,-117.381
741941,47.77623,-117.4061
741942,47.78081615,-117.4045141
741943,47.7637,-117.4611
741944,47.76382,-117.4245
741945,47.76739,-117.42448
741946,47.76752,-117.44563
741947,47.76752002,-117.4456
741948,47.7678,-117.4427
741949,47.77091,-117.42966
741950,47.7713,-117.441
741951,47.77449,-117.4468
741952,47.77467,-117.41373
741953,47.7754,-117.4293
741954,47.7755,-117.4152
741955,47.7781,-117.4418
741956,47.77823,-117.41901
741957,47.7811,-117.421
741958,47.7817,-117.4466
741959,47.7835,-117.4448
741960,47.784,-117.4243
741961,47.7844,-117.4164
741962,47.78475,-117.4281
741963,47.78539,-117.41349
741964,47.78554,-117.45113
741965,47.78896,-117.41879
741966,47.7904,-117.4356
741967,47.79634,-117.4457
741968,47.76268,-117.458
741969,47.77477,-117.438
741970,47.76327,-117.4564
741971,47.76748,-117.4102
741972,47.76451,-117.4453
741973,47.78194,-117.411
741974,47.76534,-117.446
741975,47.78588,-117.4132
741976,47.79293,-117.59098
741982,47.7698,-117.583
741989,47.7783,-117.5771
741992,47.7674,-117.5716
741993,47.7944,-117.5716
741998,47.79047,-117.589
742000,47.79464,-117.5935
742003,47.77464,-117.5921
742005,47.76944,-117.5951
742008,47.8067,-117.7484
742009,47.7779,-117.748
742011,47.80821,-117.74766
742015,47.7805,-117.7421
742016,47.79015,-117.73148
742017,47.81549,-117.73143
742018,47.79372,-117.726
742019,47.8093,-117.7206
742020,47.8237,-117.7206
742021,47.83339,-117.72059
742022,47.83702,-117.7204
742023,47.8348,-117.719
742024,47.7791,-117.7173
742025,47.78638,-117.71514
742026,47.7944,-117.7106
742027,47.7973,-117.7098
742028,47.83678292,-117.7088922
742029,47.83338,-117.70426
742030,47.8012,-117.7041
742031,47.8261,-117.7013
742032,47.837,-117.69884
742033,47.8091,-117.6891
742035,47.83343,-117.6957
742036,47.83897,-117.7169
742041,47.7942,-117.5503
742049,47.78537,-117.53186
742050,47.79263,-117.53184
742051,47.8526,-117.5297
742052,47.8254,-117.5292
742053,47.8253,-117.5291
742054,47.8413,-117.5272
742055,47.8249,-117.5271
742056,47.80632,-117.5258
742057,47.78543,-117.52089
742058,47.8236,-117.5077
742059,47.7896,-117.5005
742060,47.78557,-117.49961
742061,47.8366,-117.49475
742062,47.7936,-117.4896
742063,47.7822,-117.486
742064,47.80953,-117.4818
742065,47.8124,-117.4798
742066,47.8081,-117.4776
742067,47.78586,-117.4938
742068,47.84373,-117.5117
742071,47.82836,-117.5051
742074,47.79341,-117.5479
742075,47.80729,-117.5049
742077,47.8059,-117.7999
742082,47.8012,-117.79598
742089,47.7986,-117.7907
742090,47.79392,-117.79057
742094,47.81918,-117.76938
742095,47.79381,-117.76902
742098,47.8273,-117.7575
742099,47.82635,-117.75321
742100,47.81551,-117.7532
742101,47.80821,-117.75309
742104,47.79998,-117.7647
742105,47.80207,-117.7946
742107,47.79496,-117.7964
742108,47.80252,-117.7933
742110,47.8033759,-117.8197113
742111,47.80486,-117.80673
742112,47.8063,-117.8064
742113,47.81209999,-117.8178
742114,47.814,-117.8168
742143,47.79902,-117.8143
742144,47.79946,-117.8155
742145,47.8087,-117.434
742146,47.8093,-117.4204
742147,47.8108588,-117.4131735
742148,47.81087,-117.42441
742149,47.8109,-117.41902
742150,47.81448,-117.42973
742151,47.81451,-117.4245
742152,47.81812,-117.42979
742153,47.81815,-117.42455
742154,47.82205,-117.4308
742155,47.82343,-117.44149
742156,47.8237,-117.4204
742157,47.8242,-117.4116
742158,47.8294,-117.4139
742159,47.83262,-117.4459
742160,47.83273,-117.41927
742161,47.83273,-117.41927
742162,47.83273,-117.4139
742163,47.8337,-117.4437
742164,47.83621,-117.4622
742165,47.8381,-117.4633
742166,47.84002,-117.4245
742167,47.84718,-117.44614
742168,47.85094,-117.46246
742169,47.8525,-117.4418
742170,47.85255,-117.4561
742171,47.8531,-117.4696
742172,47.81837,-117.427
742173,47.83621,-117.45138
742174,47.83262,-117.44592
742175,47.81086,-117.44043
742176,47.81918,-117.4179
742177,47.82523,-117.4184
742178,47.80999,-117.4348
742179,47.80401,-117.4508
742180,47.81959,-117.4242
742181,47.80567,-117.4314
742182,47.80905,-117.4642
742183,47.826,-117.6583
742184,47.8289,-117.6619
742185,47.82961,-117.66119
742186,47.82961,-117.66119
742187,47.82975,-117.67741
742189,47.83321,-117.66119
742190,47.83335,-117.6774
742194,47.8369,-117.66659
742196,47.8405,-117.6799
742203,47.84774,-117.66659
742211,47.82273,-117.6825
742212,47.83088,-117.6619
742213,47.82562,-117.6555
742215,47.58182,-117.3892
742216,47.58213,-117.38231
742217,47.58226,-117.40912
742218,47.5834,-117.3834
742219,47.5857,-117.4016
742220,47.58584,-117.39831
742221,47.5887,-117.3764
742222,47.5891,-117.401
742223,47.5891,-117.401
742224,47.58947,-117.39289
742225,47.58951,-117.40362
742226,47.59124,-117.417217
742227,47.59187,-117.4026
742228,47.59306,-117.37139
742229,47.59306,-117.37139
742230,47.59312,-117.38747
742231,47.59313,-117.39283
742232,47.59589,-117.3931
742233,47.59598,-117.3917
742234,47.59603,-117.3933
742235,47.612,-117.388
742236,47.6171,-117.4061
742237,47.67625,-117.3836
742238,47.60392,-117.3685
742239,47.60736,-117.4002
742240,47.61018615,-117.364814
742241,47.60743,-117.71751
742242,47.6232,-117.71447
742243,47.55541,-117.7113
742244,47.58,-117.71
742245,47.63768,-117.7092
742246,47.63042,-117.70912
742247,47.62679,-117.7091
742248,47.6159,-117.70906
742249,47.57831,-117.70675
742250,47.57831,-117.70675
742251,47.55822,-117.7041
742252,47.5728,-117.7041
742253,47.62313,-117.7037
742254,47.6195,-117.70368
742255,47.6343,-117.7035
742256,47.5309,-117.7034
742257,47.6237,-117.7032
742258,47.56739,-117.70143
742259,47.57103,-117.70141
742260,47.62311,-117.69829
742261,47.62311,-117.69829
742262,47.61586,-117.6983
742263,47.57829,-117.69599
742264,47.5504,-117.6952
742265,47.58924001,-117.6906
742266,47.6171,-117.6888
742267,47.5387,-117.6868
742268,47.6252,-117.6866
742269,47.6303,-117.6852
742270,47.56267,-117.6882
742271,47.60986,-117.7141
742272,47.531,-117.68518
742273,47.55671,-117.6851
742274,47.55732,-117.6879
742275,47.61879,-117.6887
742276,47.60898611,-117.7137141
742277,47.68787,-117.5029
742278,47.68811,-117.49373
742279,47.6887,-117.4787
742280,47.69179,-117.50468
742281,47.6936,-117.507
742282,47.6938,-117.4932
742283,47.69495,-117.4982
742284,47.69902,-117.4994
742285,47.69905,-117.4994
742286,47.6991,-117.5002
742287,47.70898,-117.4814
742288,47.7092,-117.4997
742289,47.70933,-117.4914
742290,47.70968,-117.4886
742291,47.7097,-117.4842
742292,47.71015,-117.4886
742293,47.71708,-117.49961
742294,47.7187,-117.5117
742295,47.68835,-117.4977
742296,47.71378,-117.64429
742297,47.7348,-117.6433
742298,47.73554,-117.65519
742299,47.73575,-117.68744
742300,47.7391,-117.63371
742301,47.7391,-117.6577
742302,47.7393,-117.6346
742303,47.74272,-117.63904
742304,47.74274,-117.64435
742305,47.74278,-117.6783
742306,47.74289,-117.6348
742307,47.7451,-117.6438
742308,47.75031,-117.68756
742309,47.751,-117.654
742310,47.7517,-117.6777
742311,47.7538,-117.6795
742312,47.75837,-117.6873
742313,47.6083,-117.5218
742314,47.6011,-117.5204
742315,47.6108,-117.5202
742316,47.64139,-117.5202
742317,47.6,-117.51636
742318,47.6,-117.51636
742319,47.60361,-117.51617
742320,47.60723,-117.51594
742321,47.64484,-117.51565
742322,47.58896,-117.5111
742323,47.5927,-117.51108
742324,47.60722,-117.51047
742325,47.62298,-117.51031
742326,47.62298,-117.51031
742327,47.62298,-117.51031
742328,47.61931,-117.51023
742329,47.61931,-117.5102
742330,47.61492,-117.5097
742331,47.6228,-117.5095
742332,47.6142,-117.5092
742333,47.64209,-117.5076
742334,47.621,-117.5073
742335,47.59698,-117.5069
742336,47.6221,-117.5062
742337,47.59998,-117.50529
742338,47.6036,-117.50517
742339,47.60722,-117.5051
742340,47.62298,-117.50498
742341,47.64115,-117.50493
742342,47.61931,-117.50489
742343,47.61563,-117.50479
742344,47.61563,-117.50479
742345,47.61563,-117.50479
742346,47.7967,-117.3785
742347,47.79955,-117.3825
742348,47.7997,-117.3752
742349,47.80008,-117.38132
742350,47.8008,-117.3873
742351,47.8018,-117.3928
742352,47.80215,-117.4064
742353,47.80369,-117.3974
742354,47.80393,-117.3867
742355,47.805,-117.4065
742356,47.8059,-117.3832
742357,47.807,-117.401
742358,47.80882,-117.3994
742359,47.8093,-117.3775
742360,47.8109,-117.3868
742361,47.81102,-117.37607
742362,47.81102,-117.37607
742363,47.81837,-117.38681
742364,47.8211,-117.3836
742365,47.8235,-117.3781
742366,47.8255,-117.40845
742367,47.8255,-117.40845
742368,47.83295,-117.3762
742369,47.8355,-117.3857
742370,47.84044,-117.3821
742371,47.84306,-117.386
742372,47.85487,-117.39217
742373,47.85794,-117.3813
742374,47.85918,-117.3915
742375,47.80431,-117.3864
742376,47.82991616,-117.3790141
742377,47.59688,-117.6537
742378,47.56388,-117.6534
742379,47.58559999,-117.6531
742380,47.5854,-117.6497
742381,47.55278,-117.6476
742382,47.5912,-117.6463
742383,47.587,-117.643
742384,47.57826,-117.64233
742385,47.57096,-117.64232
742386,47.57096,-117.64232
742387,47.57096,-117.6423
742388,47.57461,-117.6423
742389,47.5824,-117.6394
742390,47.58556,-117.63697
742391,47.58188,-117.63694
742392,47.58188,-117.63694
742393,47.58188,-117.63694
742394,47.57823,-117.63693
742395,47.57459,-117.63692
742396,47.5737,-117.6362
742397,47.54607,-117.6352
742398,47.53955,-117.6341
742399,47.5491,-117.6257
742400,47.5831,-117.6231
742401,47.5792,-117.6214
742402,47.5914,-117.6213
742403,47.59396,-117.6187
742404,47.5531,-117.6165
742405,47.5849,-117.6163
742406,47.552505,-117.616
742407,47.5942,-117.6159
742408,47.5752,-117.6158
742409,47.5874,-117.6157
742410,47.54077,-117.6502
742411,47.7598,-117.3992
742412,47.742,-117.3988
742413,47.71687,-117.39797
742414,47.7565,-117.39785
742415,47.7565,-117.39785
742416,47.76012,-117.39784
742417,47.76012,-117.39784
742418,47.7373,-117.3972
742419,47.74372,-117.3954
742420,47.74357,-117.3941
742421,47.7422,-117.3939
742422,47.74042,-117.3939
742423,47.737456,-117.393862
742424,47.73665,-117.3936
742425,47.74018,-117.3935
742426,47.7381,-117.3931
742427,47.75637,-117.3928
742428,47.742512,-117.392704
742429,47.74312,-117.3926
742430,47.74465,-117.3925
742431,47.73963,-117.392
742432,47.74158,-117.3919
742433,47.73795,-117.3818
742434,47.74243,-117.3814
742435,47.75101,-117.3784
742436,47.7429,-117.3716
743457,48.02027,-117.50979
743462,48.0410632,-117.48678
743499,47.77455,-117.54778
743500,47.77834,-117.56359
743501,47.7805,-117.592
743502,47.78216,-117.59626
743503,47.78221998,-117.6071
743504,47.78536998,-117.5428
743505,47.78554,-117.55846
743506,47.78559,-117.5635
743507,47.78593,-117.6231
743508,47.79626001,-117.5479
743509,47.79626,-117.54794
743510,47.80041998,-117.6126
743511,47.80412,-117.62328
743522,47.81849,-117.61794
743523,47.81854,-117.62338
743529,47.77455,-117.54778
743531,47.77849,-117.58531
743534,47.79626,-117.53739
743536,47.78927,-117.57994
743539,47.82571,-117.61808
743541,47.67367,-117.6226
743542,47.7229,-117.6134
743543,47.6882,-117.6119
743544,47.76028001,-117.607
743545,47.76368451,-117.6068554
743546,47.6809,-117.60114
743547,47.71731,-117.5909
743548,47.71731,-117.5909
743549,47.69175,-117.58521
743550,47.74251,-117.5851
743551,47.76018,-117.57444
743552,47.69643483,-117.5730005
743553,47.7661,-117.5705
743554,47.68819,-117.5692
743555,47.68096,-117.56918
743556,47.70642,-117.56402
743557,47.69914,-117.55857
743558,47.74959,-117.59608
743559,47.69538,-117.59599
743560,47.74237,-117.56356
743561,47.7353,-117.59062
743562,47.6918,-117.61198
743563,47.76405,-117.61772
743564,47.74237,-117.56356
743565,47.70647,-117.59613
743566,47.76043,-117.62306
743567,47.74605,-117.57971
743568,47.75304,-117.569
743569,47.67003,-117.59584
743570,47.75314,-117.60699
743571,47.86532,-117.53265
743572,47.83985,-117.53233
743573,47.83985,-117.5323
743574,47.79263,-117.53184
743575,47.7805,-117.5276
743576,47.81804,-117.5265
743577,47.78899,-117.52635
743578,47.82544,-117.52125
743579,47.85689177,-117.5064556
743580,47.78207999,-117.4941
743581,47.83445312,-117.4910656
743582,47.93053,-117.49035
743583,47.91242,-117.49012
743584,47.90154,-117.49
743585,47.90884997,-117.4847
743586,47.90885,-117.4847
743587,47.9016,-117.4846
743588,47.82539,-117.4837
743589,47.77491,-117.48317
743590,47.79435,-117.529058
743591,47.7785,-117.48865
743592,47.87607,-117.48411
743593,47.81078,-117.50516
743594,47.912,-117.52831
743595,47.93422,-117.48505
743596,47.83629,-117.52692
743597,47.92288,-117.52344
743598,47.7854,-117.52638
743599,47.80331,-117.52629
743600,47.77459,-117.52632
743601,47.93422,-117.48505
743602,47.77821,-117.52634
743603,47.78563,-117.48886
743604,47.80706,-117.51568
743605,47.79272,-117.48901
743606,47.97659,-117.4771
743607,48.03841,-117.46152
743608,48.01278,-117.45053
743609,47.99793,-117.42827
743610,47.9651,-117.41205
743611,47.98693,-117.41203
743612,48.02939446,-117.3947573
743613,48.0122,-117.38481
743614,48.01959,-117.36323
743615,48.01229,-117.36322
743616,47.99409,-117.36317
743617,47.97961,-117.36306
743618,47.96874,-117.36304
743619,47.9692,-117.3624
743620,48.0417,-117.3605
743621,48.0272,-117.3604
743622,47.9909,-117.3594
743623,47.98687,-117.35771
743624,47.98687,-117.35771
743625,48.0207,-117.3575
743626,47.9971,-117.3569
743627,47.9821,-117.3593
743628,47.98196,-117.37
743629,48.03411,-117.3681
743630,48.02331,-117.3674
743631,48.02331617,-117.3674141
743632,47.86414,-117.3474
743633,47.80914,-117.3708
743634,47.85283,-117.3573
743635,47.85149,-117.3704
743636,47.80752,-117.3546
743637,47.8533,-117.3549
743638,47.8102,-117.3273
743639,47.8282,-117.3682
743640,47.8369,-117.3242
743641,47.8177,-117.3659
743642,47.8235,-117.3348
743643,47.809,-117.3392
743644,47.8262,-117.3634
743645,47.8177,-117.3402
743646,47.8227,-117.3382
743647,47.826,-117.3652
743648,47.8081,-117.3418
743649,47.82195,-117.36551
743650,47.8525,-117.3561
743651,47.8546,-117.4571
743652,47.85853,-117.36013
743653,47.8072,-117.43497
743654,47.81826,-117.403
743655,47.84006,-117.35497
743656,47.81087,-117.46731
743657,47.8255,-117.40845
743658,47.82541,-117.43511
743659,47.862,-117.46253
743660,47.82169,-117.46738
743661,47.84368,-117.47315
743662,47.86585,-117.38704
743663,47.81823,-117.4084
743664,47.81823,-117.4084
743665,47.86556,-117.4353
743666,47.81465,-117.37074
743667,47.84361,-117.33909
743668,47.81828,-117.36546
743669,47.8376,-117.3546
743670,47.80727,-117.34421
743671,47.80729,-117.33886
743672,47.81458,-117.3282
743673,47.82556,-117.36027
743674,47.85838,-117.33891
743675,47.85834,-117.3406
743676,47.86287,-117.3503
743677,47.83389,-117.3558
743678,47.8358,-117.3663
743679,47.81554,-117.3336
743680,47.85369,-117.3513
743681,47.93439095,-117.4699468
743682,47.94162,-117.4635
743683,47.89446,-117.46269
743684,47.93082998,-117.4579
743685,47.92724,-117.45231
743686,47.87284,-117.44616
743687,47.92724,-117.44137
743688,47.88734,-117.44088
743689,47.89467,-117.43029
743690,47.94174,-117.42583
743691,47.90197,-117.42508
743692,47.92009,-117.42001
743693,47.90201,-117.4197
743694,47.90201,-117.4197
743695,47.91666667,-117.4166667
743696,47.91287,-117.41447
743697,47.93472,-117.4097
743698,47.93108,-117.40412
743699,47.90566,-117.393
743700,47.88036,-117.38197
743701,47.90568,-117.37683
743702,47.90925999,-117.3768
743703,47.88764,-117.37658
743704,47.87673,-117.37657
743705,47.9021,-117.3714
743706,47.92724,-117.45231
743707,47.87309,-117.3819
743708,47.88026,-117.41959
743709,47.87668,-117.4088
743710,47.94162,-117.45802
743711,47.87284,-117.44075
743712,47.93083,-117.45787
743713,47.89116,-117.41971
743714,47.88754,-117.41968
743715,47.90926,-117.37685
743716,47.86942,-117.37642
743717,47.95263,-117.40974
743718,47.90208,-117.38219
743719,47.9271,-117.46867
743720,47.90921,-117.42517
743721,47.88764,-117.37658
743722,47.93803,-117.45797
743723,47.93821,-117.42046
743724,47.88763,-117.39279
743725,47.89125,-117.38743
743726,47.88736,-117.4355
743727,47.94528,-117.38269
743728,47.87654,-117.43014
743729,47.94164,-117.45259
743730,47.9236,-117.371
743731,47.79264855,-117.3688665
743732,47.79267,-117.40271
743733,47.79269,-117.36517
743734,47.7927,-117.3705
743735,47.7927,-117.3705
743736,47.79271,-117.37597
743737,47.79277,-117.46193
743738,47.7949,-117.3775
743739,47.79639,-117.37592
743740,47.79850253,-117.363732
743741,47.79992,-117.43489
743742,47.80006,-117.39201
743743,47.80008,-117.38666
743744,47.80355,-117.42956
743745,47.80367,-117.36535
743746,47.80369,-117.3974
743747,47.80369,-117.3974
743748,47.80373,-117.38666
743749,47.79992,-117.43489
743750,47.80367,-117.40811
743751,47.79998,-117.44571
743752,47.79638,-117.39736
743753,47.79276,-117.45654
743754,47.79632,-117.40808
743755,47.79635,-117.3652
743756,47.79635,-117.3652
743757,47.7927,-117.37053
743758,47.7966,-117.369
743759,47.7927,-117.37053
743760,47.79638,-117.37047
743761,47.79631,-117.34945
743762,47.79653,-117.3174
743763,47.80363,-117.34416
743764,47.7988,-117.3663
743765,47.7908,-117.3379
743766,47.7861,-117.281
743767,47.8038,-117.3704
743768,47.7954,-117.2791
743769,47.8038,-117.2371
743770,47.7911,-117.2045
743771,47.7965,-117.3605
743772,47.80415,-117.3001
743773,47.79467,-117.204
743774,47.79548,-117.3694
743775,47.78942,-117.3486
743776,47.7855,-117.2267
743777,47.80685,-117.3066
743819,47.77458,-117.44025
743820,47.78179,-117.4243
743821,47.77461,-117.41908
743822,47.78539,-117.4135
743823,47.78543,-117.40811
743824,47.77349721,-117.4053548
743825,47.7638,-117.40313
743826,47.76743,-117.40311
743827,47.7385,-117.39804
743828,47.74933,-117.39797
743829,47.76741,-117.39778
743830,47.77828,-117.39761
743831,47.78191,-117.39752
743832,47.78189,-117.39222
743833,47.78189,-117.39222
743834,47.78189,-117.3922
743835,47.73486,-117.38726
743836,47.77102,-117.3871
743837,47.77827,-117.38699
743838,47.78189,-117.38686
743839,47.7891,-117.38665
743840,47.7891,-117.38665
743841,47.77826,-117.37622
743842,47.78543,-117.37606
743843,47.77101,-117.371
743844,47.77101,-117.371
743845,47.77101,-117.371
743846,47.77101,-117.371
743847,47.78185999,-117.3655
743848,47.77101,-117.36561
743849,47.74555,-117.36574
743850,47.7452,-117.3658
743851,47.74517,-117.3699
743852,47.869591,-117.357583
743853,47.87298,-117.32839
743854,47.8731,-117.355
743855,47.87312,-117.3443
743856,47.87677,-117.3391
743857,47.87728854,-117.338461
743858,47.89125,-117.3553
743859,47.8947,-117.334
743860,47.8948,-117.3445
743861,47.89487,-117.36062
743862,47.89486998,-117.3606
743863,47.89824,-117.33403
743864,47.89832,-117.33939
743865,47.89847,-117.36068
743866,47.9006,-117.3212
743867,47.90172,-117.3287
743868,47.9031,-117.3541
743869,47.8734,-117.3237
743870,47.8762,-117.3447
743871,47.8717,-117.3508
743872,47.8962,-117.3529
743873,47.873,-117.3462
743874,47.8722,-117.3402
743875,47.88276,-117.3488
743876,47.89215,-117.3367
743877,47.89924,-117.3651
743878,47.90124,-117.3627
743879,47.90155,-117.3209
743880,47.87233,-117.3485
743881,47.89249,-117.3595
743882,47.89329,-117.3669
743883,47.95578,-117.31855
743884,47.94494,-117.31845
743885,47.94134,-117.31843
743886,47.85827,-117.31771
743887,47.9554,-117.3157
743888,47.93055,-117.31299
743889,47.91616,-117.31287
743890,47.94137999,-117.3077
743891,47.8992,-117.3075
743892,47.89076,-117.30709
743893,47.8691,-117.307
743894,47.84378,-117.30169
743895,47.86555,-117.29622
743896,47.93416,-117.29603
743897,47.91978,-117.29603
743898,47.87265,-117.29588
743899,47.96845,-117.29271
743900,47.87526839,-117.2926588
743901,47.9592,-117.2857
743902,47.85844,-117.2804
743903,47.9227,-117.2799
743904,47.90888,-117.2797
743905,47.89434,-117.2742
743906,47.84409,-117.26421
743907,47.91586999,-117.2633
743908,47.909,-117.3173
743909,47.9534,-117.3082
743910,47.8288,-117.2792
743911,47.9146,-117.3018
743912,47.9277,-117.2674
743913,47.9605,-117.2831
743914,47.819,-117.3082
743915,47.9115,-117.3186
743916,47.9065,-117.2687
743917,47.9666,-117.3165
743918,47.9113,-117.3075
743919,47.8897,-117.3057
743920,47.9406,-117.3146
743921,47.95372,-117.2727
743922,47.82367,-117.3147
743923,47.92381,-117.3173
743924,47.82746,-117.284
743925,47.94643,-117.3146
743926,47.82367,-117.3148
743927,47.92312,-117.2868
743928,47.90947,-117.3028
743929,47.93332,-117.2594
743930,47.8807,-117.2597
743931,47.83501,-117.2971
743932,47.84137,-117.2719
743990,47.97952,-117.3042
743991,47.98987,-117.3038
743992,48.01919,-117.3035
743993,47.98298,-117.29793
743994,47.9979,-117.2952
743995,47.9964,-117.2943
743996,48.0145,-117.2934
743997,47.98553452,-117.2908914
743998,48.00108,-117.28699
743999,48.01566,-117.2869
744000,48.0134,-117.2869
744001,47.99673,-117.2867
744002,48.03307,-117.2827
744003,48.0159,-117.2821
744004,47.99015,-117.28164
744005,47.99743,-117.28159
744006,47.99743,-117.28159
744007,47.99743,-117.28159
744008,48.00107,-117.28157
744009,48.00471,-117.28154
744010,48.02293,-117.28144
744011,48.00646,-117.2805
744012,47.9895,-117.2802
744013,48.00919,-117.28
744014,48.0001,-117.2761
744015,48.02287,-117.276
744016,48.0014,-117.2738
744017,47.99549,-117.2733
744018,48.0231,-117.2719
744019,47.99738,-117.2707
744020,48.00104,-117.27067
744021,48.02642,-117.27051
744022,48.00618,-117.2699
744023,47.98761,-117.2843
744074,48.04075,-117.22721
744075,48.04075,-117.22721
744095,48.0413,-117.2518
744097,48.0381,-117.2211
744099,48.0453,-117.2215
744102,48.0387,-117.2264
744103,48.0387,-117.2082
744107,48.04035,-117.2719
744116,48.03869,-117.2289
744121,48.02629,-117.2325
744122,48.03355,-117.23248
744123,48.03355,-117.23248
744124,47.97900999,-117.2276
744125,48.00452,-117.2272
744126,48.00452,-117.2272
744127,48.01898,-117.22711
744128,48.0115,-117.2271
744129,48.0115,-117.2271
744130,48.00236157,-117.2261738
744131,47.9972,-117.22193
744132,48.01532,-117.2217
744133,48.01532,-117.22168
744134,47.98986,-117.21673
744135,47.98256,-117.21147
744136,48.00802,-117.21108
744137,48.00802,-117.21108
744138,48.01886,-117.21098
744139,47.98254,-117.2061
744140,48.00072,-117.20588
744141,48.03332,-117.20555
744142,48.03332,-117.20555
744143,47.99704,-117.2006
744144,48.01516,-117.20041
744145,47.98975,-117.1953
744146,48.01142,-117.18977
744147,47.98243,-117.18469
744148,47.99323,-117.17929
744149,48.0122,-117.2083
744150,48.0123,-117.2297
744151,48.0268,-117.2297
744152,48.0185,-117.2024
744153,48.0296,-117.1987
744154,47.9947,-117.1804
744155,48.0196,-117.222
744156,47.9824,-117.1795
744157,47.99495,-117.229
744158,48.02091,-117.2268
744159,47.97639,-117.2323
744160,48.02739,-117.2273
744161,48.00857,-117.1893
744162,47.9959,-117.1802
744163,47.98892,-117.2015
744210,47.69164,-117.3656
744211,47.68918,-117.3642
744212,47.6925,-117.361
744213,47.69328,-117.3573
744214,47.68974,-117.3522
744215,47.67676,-117.3519
744216,47.68998,-117.3492
744217,47.68891,-117.3487
744218,47.692,-117.348
744219,47.68967,-117.3478
744220,47.68901,-117.3475
744221,47.68697,-117.3461
744222,47.6884,-117.3459
744223,47.68847,-117.3457
744224,47.67651,-117.3448
744225,47.68732,-117.3448
744226,47.69448,-117.3447
744227,47.69164,-117.34395
744228,47.6881,-117.3439
744229,47.6876,-117.3429
744230,47.68997,-117.3393
744231,47.6927,-117.3392
744232,47.68358,-117.3388
744233,47.67713,-117.33867
744234,47.69086,-117.3651
744300,47.6729,-117.2415
744301,47.6761,-117.235
744302,47.6764,-117.2334
744303,47.67706,-117.23162
744304,47.6783,-117.2106
744305,47.6787,-117.1858
744306,47.6789,-117.224
744307,47.68063,-117.2155
744308,47.68071,-117.237
744309,47.6814,-117.2312
744310,47.6825,-117.2328
744311,47.6841,-117.2339
744312,47.6863,-117.231
744313,47.68795,-117.237
744314,47.68797208,-117.2576193
744315,47.6948,-117.2484
744316,47.69513,-117.22649
744317,47.6971,-117.2259
744318,47.6971,-117.2514
744319,47.69211,-117.2362
744320,47.69868,-117.2492
744321,47.67337,-117.2332
744322,47.68735,-117.2682
744323,47.68031,-117.2055
744324,47.67796,-117.2263
744325,47.6788,-117.2071
744326,47.67824,-117.2402
744327,47.67825,-117.24
744328,47.67874,-117.218
744329,47.69752,-117.2535
744330,47.67887,-117.2324
744331,47.6772,-117.2067
744332,47.67296,-117.1943
744333,47.67563,-117.2441
744334,47.67876,-117.1857
744335,47.67427,-117.23
744336,47.69053,-117.2291
744337,47.67942,-117.2347
744338,47.68404,-117.2229
744339,47.69425,-117.2495
744340,47.67878,-117.2353
744341,47.82476,-117.2065
744342,47.82766,-117.2158
744343,47.8287,-117.2167
744344,47.82942,-117.1986
744345,47.833094,-117.237086
744346,47.83688,-117.2427
744347,47.8387,-117.2243
744348,47.83999,-117.2455
744349,47.84012,-117.1996
744350,47.84413,-117.2155
744351,47.8504,-117.2385
744352,47.85082001,-117.1832
744353,47.8509,-117.1899
744354,47.85159,-117.23738
744355,47.8546,-117.2353
744356,47.85485,-117.21045
744357,47.85512,-117.22665
744358,47.85649,-117.2264
744359,47.85834,-117.20509
744360,47.8669,-117.2489
744361,47.90442,-117.3237
744362,47.9051,-117.3414
744363,47.90569,-117.36608
744364,47.90916,-117.34485
744365,47.90922,-117.3555
744366,47.91036,-117.3402
744367,47.91266,-117.33955
744368,47.91279,-117.35553
744369,47.9132,-117.358
744370,47.91548,-117.3516
744371,47.91634,-117.35024
744372,47.91634,-117.35024
744373,47.9166,-117.3476
744374,47.9193,-117.3484
744375,47.9195,-117.3672
744376,47.91973,-117.32365
744377,47.9222,-117.3502
744378,47.92339,-117.33432
744379,47.92356,-117.35562
744380,47.92356,-117.35562
744381,47.9245,-117.3561
744382,47.92559,-117.3431
744383,47.9256,-117.358
744384,47.9257,-117.367
744385,47.92731,-117.36631
744386,47.9298,-117.3653
744387,47.93088,-117.36104
744388,47.93449,-117.36108
744389,47.9409,-117.3239
744390,47.94169,-117.36652
744391,47.93925,-117.3418
744392,47.92887,-117.3681
744424,48.01955,-117.3524
744425,47.98688,-117.35229
744426,47.9709,-117.3511
744427,47.9735,-117.3482
744428,48.03388,-117.3472
744429,47.97963,-117.3469
744430,47.9823,-117.3453
744431,48.0245,-117.3452
744432,48.0003,-117.3449
744433,48.0101,-117.3424
744434,47.9862,-117.3423
744435,48.01221,-117.34157
744436,48.03384,-117.33636
744437,48.01943,-117.3362
744438,47.99401,-117.33608
744439,47.97229,-117.33599
744440,47.9831,-117.33059
744441,47.9831,-117.33059
744442,48.01572,-117.3254
744443,48.01572,-117.3254
744444,48.00846,-117.32532
744445,48.01568,-117.32001
744446,47.9903,-117.31982
744447,48.0158,-117.3187
744448,48.02646,-117.31468
744449,48.01563,-117.31462
744450,48.01201,-117.31457
744451,48.01558,-117.30922
744452,48.00835,-117.30911
744453,47.9975,-117.30903
744454,47.98665,-117.30902
744455,47.9813,-117.3387
744456,47.9838,-117.3318
744457,48.01578,-117.3467
744458,48.02315,-117.3257
744459,48.0296,-117.341
744460,48.03078,-117.3478
744461,47.99632,-117.346
744462,48.02152,-117.32453
744463,48.02659,-117.3524
744464,47.97362,-117.3364
744465,47.99731,-117.3168
744466,48.03508,-117.3477
744467,48.03522,-117.341
744468,48.03427,-117.3493
744469,48.03576,-117.3483
744470,48.02696,-117.3266
744471,47.98694,-117.3158
744472,47.98801,-117.3232
744473,47.70231,-117.18355
744474,47.70231,-117.18355
744475,47.7033,-117.2559
744476,47.7057,-117.2696
744477,47.70587,-117.2158
744478,47.7059,-117.20506
744479,47.70591,-117.19431
744480,47.70592,-117.18891
744481,47.70936998,-117.2588
744482,47.70954,-117.1943
744483,47.7098,-117.2505
744484,47.7099,-117.2506
744485,47.712,-117.2042
744486,47.71299,-117.24274
744487,47.7163,-117.2043
744488,47.71662,-117.24812
744489,47.71679,-117.19426
744490,47.718,-117.1985
744491,47.7204,-117.20501
744492,47.72111,-117.1884
744493,47.72402,-117.20499
744494,47.7247,-117.186
744495,47.7345,-117.2417
744496,47.735,-117.2078
744497,47.7461,-117.2356
744498,47.7512,-117.2077
744499,47.753,-117.208
744500,47.7545,-117.2543
744501,47.77,-117.2681
744502,47.7754,-117.2587
744503,47.7784,-117.2317
744504,47.7824,-117.1898
744505,47.7828,-117.1858
744506,47.70629,-117.2626
744507,47.76477,-117.2306
744508,47.73351,-117.2101
744509,47.72214,-117.2076
744510,47.72211,-117.207
744511,47.73116,-117.2723
744512,47.70271,-117.2508
744513,47.76815,-117.1825
744514,47.78066,-117.2359
744515,47.70214,-117.252
744516,47.71025,-117.226
744517,47.73202,-117.2662
744518,47.73565,-117.2119
744519,47.71504,-117.2109
744520,47.75811,-117.3629
744521,47.76390456,-117.362525
744522,47.7343,-117.3618
744523,47.7667,-117.3618
744524,47.7627,-117.3617
744525,47.75217,-117.3602
744526,47.75245,-117.36
744527,47.71702,-117.3592
744528,47.75116,-117.3591
744529,47.7758,-117.3585
744530,47.7758,-117.3585
744531,47.73768,-117.3578
744532,47.7653,-117.3572
744533,47.744843,-117.357192
744534,47.7343,-117.3542
744535,47.7628,-117.3539
744536,47.78157,-117.3534
744537,47.73415,-117.3515
744538,47.7589,-117.3506
744539,47.76728,-117.34955
744540,47.73507,-117.3495
744541,47.7326,-117.3435
744542,47.70502,-117.3429
744543,47.78018,-117.3427
744544,47.78209,-117.3408
744545,47.73054,-117.3407
744546,47.701802,-117.339437
744547,47.7099,-117.3393
744548,47.78449,-117.3389
744549,47.69965,-117.3417
744550,47.69899,-117.3413
744551,47.75338,-117.3581
744552,47.71876,-117.359
744592,47.70348,-117.3361
744593,47.7098,-117.3358
744594,47.7489,-117.3355
744595,47.70187,-117.3334
744596,47.70275,-117.332
744597,47.70667,-117.3315
744598,47.72328,-117.3238
744599,47.7235,-117.3216
744600,47.72561,-117.3173
744601,47.71206,-117.3161
744602,47.7031,-117.3133
744603,47.70901,-117.3063
744604,47.70167,-117.304
744605,47.7415,-117.2983
744606,47.73067,-117.2973
744607,47.7312,-117.2958
744608,47.721,-117.2944
744609,47.7059,-117.2908
744610,47.71561,-117.2848
744611,47.73053,-117.2846
744612,47.71578,-117.2814
744613,47.706,-117.2803
744614,47.7496,-117.2802
744615,47.7209,-117.2756
744652,47.879,-117.1923
744653,47.88319,-117.2423
744654,47.88326,-117.25265
744655,47.89051,-117.24714
744656,47.8929,-117.1801
744657,47.89775,-117.25253
744658,47.8981,-117.2281
744659,47.90472,-117.19393
744660,47.9086,-117.227
744661,47.9117,-117.2175
744662,47.91193,-117.21522
744663,47.91211,-117.24153
744664,47.9156,-117.1945
744665,47.9172,-117.2114
744666,47.9206,-117.2228
744667,47.9222,-117.2375
744668,47.92426,-117.2279
744669,47.9245,-117.1845
744670,47.92562,-117.2178
744671,47.92626,-117.21
744672,47.92638,-117.24169
744673,47.92989,-117.23112
744674,47.93054029,-117.2446778
744675,47.9389,-117.206
744676,47.9435,-117.1906
744677,47.94769,-117.18329
744678,47.9503,-117.2458
744679,47.9665,-117.2522
744680,47.96808,-117.22229
744681,47.96983,-117.2539
744682,47.97028,-117.2531
744683,47.97056,-117.2237
744684,47.96098,-117.2522
744685,47.8839,-117.2006
744686,47.89906,-117.2543
744687,47.89581618,-117.2283141
744688,47.88390618,-117.2006141
744689,47.94492,-117.32384
744690,47.94783,-117.3251
744691,47.94868,-117.34525
744692,47.94877,-117.35593
744693,47.95225,-117.33994
744694,47.95263,-117.352
744695,47.9532,-117.3586
744696,47.9539,-117.3335
744697,47.95685,-117.3352
744698,47.9576,-117.3583
744699,47.95854,-117.32388
744700,47.95855,-117.32923
744701,47.9586,-117.33462
744702,47.95892,-117.3552
744703,47.96143,-117.34688
744704,47.96399,-117.3594
744705,47.96511,-117.35768
744706,47.96859,-117.32511
744707,47.96862,-117.33052
744708,47.96869,-117.34143
744709,47.96869,-117.34143
744710,47.96869,-117.34143
744711,47.96342,-117.3546
744712,47.6932,-117.3359
744713,47.682088,-117.335085
744714,47.68415,-117.335
744715,47.68166,-117.3347
744716,47.68255,-117.3344
744717,47.6887,-117.3343
744718,47.6826,-117.3336
744719,47.69426,-117.3336
744720,47.68318,-117.3332
744721,47.69522,-117.3311
744722,47.6897,-117.3288
744723,47.6872,-117.3287
744724,47.68692,-117.3284
744725,47.6924,-117.3281
744726,47.68771,-117.32792
744727,47.68771,-117.32792
744728,47.68793,-117.3278
744729,47.6877,-117.3276
744730,47.68938,-117.3269
744731,47.6879,-117.3234
744732,47.68835,-117.3225
744733,47.69609,-117.3138
744734,47.697,-117.3126
744735,47.69625,-117.3124
744736,47.6927,-117.3092
744737,47.69787,-117.3076
744738,47.69512,-117.3069
744739,47.68031,-117.2912
744740,47.68871,-117.3282
744759,47.98701,-117.2649
744760,47.9827,-117.2601
744761,47.9974,-117.2556
744762,47.97909,-117.25471
744763,47.98143783,-117.2540985
744764,47.9793,-117.2533
744765,48.0001,-117.253
744766,48.0124,-117.2514
744767,47.98049,-117.2493
744768,48.01186002,-117.2489
744769,48.00461,-117.24887
744770,48.01911,-117.24885
744771,48.02115,-117.2457
744772,47.9791,-117.24381
744773,48.0014,-117.2435
744774,48.0143,-117.2383
744775,48.00819,-117.238
744776,47.9859,-117.238
744777,48.0297,-117.2374
746846,47.2691,-117.0407
746869,47.3255,-117.3115
746871,47.31557133,-117.2976812
746872,47.34178,-117.3076
746873,47.32723002,-117.2891
746874,47.2973,-117.0796
746875,47.306,-117.10707
746876,47.32729,-117.33419
746877,47.3372,-117.3415
746880,47.3199,-117.345
746887,47.3049,-117.1088
746889,47.27198,-117.28342
746890,47.32392615,-117.1060139
747068,47.3798,-117.0549
747071,47.369,-117.0776
747075,47.35284,-117.14495
747076,47.39287,-117.25185
747077,47.33126,-117.12329
747078,47.40376,-117.26264
747079,47.37813,-117.05915
747080,47.40351,-117.12859
747081,47.37101001,-117.1503
747082,47.37457998,-117.2625
747083,47.39285,-117.2465
747146,47.38172,-117.31805
747147,47.41809,-117.29491
747148,47.4254,-117.27895
747149,47.45449998,-117.3176
747150,47.4616,-117.3551
747151,47.4725,-117.355
747152,47.47618999,-117.3174
747153,47.47977,-117.35497
747154,47.48341,-117.36035
747155,47.49052,-117.30055
747156,47.49073,-117.33883
747157,47.49428,-117.32269
747158,47.49806,-117.35505
747159,47.50871,-117.28957
747160,47.50899,-117.33894
747161,47.50901,-117.34437
747162,47.50901,-117.34437
747163,47.51262,-117.34429
747164,47.51616,-117.3226
747165,47.51975,-117.3119
747166,47.42536,-117.26829
747167,47.40014,-117.2734
747168,47.50506,-117.28948
747169,47.5297,-117.289
747170,47.4586,-117.2708
747171,47.49433,-117.32807
747172,47.5181,-117.3319
747173,47.4943,-117.3061
747174,47.5273,-117.2787
747175,47.4856,-117.3484
747176,47.509,-117.3461
747177,47.4863,-117.3218
747178,47.51427,-117.281895
747179,47.50972,-117.346
747180,47.52024,-117.3468
747181,47.49588,-117.348
747182,47.51915,-117.3279
747183,47.47259,-117.3466
747184,47.42624,-117.3236
747185,47.41091002,-117.252
747186,47.3954,-117.27212
747187,47.47195,-117.3312
747188,47.3985,-117.2724
747189,47.52705,-117.26835
747190,47.49776998,-117.2679
747191,47.38730614,-117.322914
747234,47.462,-117.1508
747235,47.50528,-117.1474
747236,47.50566,-117.1456
747237,47.4736,-117.143
747238,47.412685,-117.142306
747239,47.45471,-117.14008
747240,47.4744,-117.137
747241,47.46198,-117.12947
747242,47.52306,-117.1146
747243,47.48729,-117.11318
747244,47.44373,-117.11317
747245,47.52359999,-117.1075
747246,47.4821,-117.1012
747247,47.46830728,-117.0990494
747248,47.47994,-117.0969
747249,47.43943,-117.0598
747250,47.51259998,-117.0595
747251,47.50937,-117.1134
747252,47.51946,-117.12585
747253,47.52902,-117.1422
747254,47.51065,-117.0672
747255,47.50731,-117.1494
747256,47.51291616,-117.142614
747294,47.53491,-117.207
747295,47.57498,-117.2311
747296,47.41687,-117.1907
747297,47.55806,-117.1634
747298,47.46153,-117.20892
747299,47.44748997,-117.1771
747300,47.57418,-117.2245
747301,47.56747,-117.2462
747302,47.55221,-117.1797
747303,47.5479,-117.2091
747304,47.5743,-117.2216
747305,47.5522,-117.213
747306,47.5533,-117.1905
747307,47.5673,-117.1818
747308,47.5532,-117.2532
747309,47.5564,-117.2118
747310,47.57,-117.1647
747311,47.5408,-117.1894
747312,47.5739,-117.2571
747313,47.5301,-117.211
747314,47.5732,-117.267
747315,47.5597,-117.2308
747316,47.4734,-117.2063
747317,47.50143,-117.26794
747318,47.56353,-117.20361
747319,47.57442,-117.2196
747320,47.49829,-117.20371
747321,47.54542,-117.19299
747322,47.52007,-117.193
747323,47.53815,-117.22523
747324,47.55989,-117.16136
747325,47.47994,-117.2466
747326,47.48735,-117.20371
747327,47.5727737,-117.1705594
747328,47.57081,-117.22499
747329,47.5672,-117.22502
747330,47.55992,-117.20361
747331,47.5599,-117.19829
747332,47.5527,-117.21418
747333,47.53453,-117.1929
747334,47.53441998,-117.2629
747335,47.53088,-117.21449
747336,47.53078,-117.25219
747337,47.53073999,-117.2629
747338,47.5272,-117.23071
747339,47.52363,-117.16669
747340,47.51,-117.18
747341,47.46922,-117.19841
747342,47.46563998,-117.193
747343,47.53827,-117.1751
747344,47.50733616,-117.196114
747498,47.6215,-117.1405
747499,47.59622,-117.13985
747500,47.5922,-117.1367
747501,47.53518307,-117.1350185
747502,47.60712,-117.13444
747503,47.60712,-117.13444
747504,47.59988,-117.13443
747505,47.59628,-117.12909
747506,47.56006002,-117.1291
747507,47.5872,-117.121
747508,47.6064,-117.121
747509,47.62228,-117.1188
747510,47.59631,-117.1185
747511,47.60716002,-117.1184
747512,47.6114,-117.117
747513,47.5678,-117.1144
747514,47.60717,-117.11311
747515,47.57834,-117.11308
747516,47.57115,-117.1079
747517,47.60353,-117.10252
747518,47.6297,-117.1025
747519,47.60715,-117.1025
747520,47.60715,-117.1025
747521,47.6045,-117.1024
747522,47.53846,-117.0969
747523,47.5542,-117.096
747524,47.6066,-117.0958
747525,47.5625,-117.0948
747526,47.61859,-117.09197
747527,47.57454,-117.09191
747528,47.6155,-117.0867
747529,47.62944,-117.0866
747530,47.57086,-117.08658
747531,47.6101,-117.0831
747532,47.61856,-117.08128
747533,47.61092,-117.1347
747534,47.55873,-117.1057
747535,47.61908,-117.1383
747536,47.60695,-117.1363
747537,47.54689,-117.0857
747538,47.60645,-117.1119
747539,47.57802,-117.07595
747540,47.61855,-117.07594
747541,47.54178,-117.06495
747542,47.5745,-117.0582
747543,47.61855,-117.0546
747544,47.62569,-117.05453
747545,47.538,-117.0448
747546,47.62577,-117.0439
747556,47.59729,-117.0655
747557,47.60738,-117.0587
747558,47.62579,-117.0748
747559,47.53898,-117.0504
747560,47.53817998,-117.3604
747561,47.5486,-117.3515
747562,47.54882,-117.3172
747563,47.54903,-117.33899
747564,47.54907,-117.36062
747565,47.55613,-117.31722
747566,47.55621,-117.32811
747567,47.5564,-117.322098
747568,47.55898804,-117.3569079
747569,47.562,-117.3152
747570,47.56341,-117.31175
747571,47.56709,-117.31719
747572,47.56746,-117.35541
747573,47.57072,-117.31716
747574,47.57098,-117.33892
747575,47.57098,-117.33892
747576,47.57454,-117.33343
747577,47.57478,-117.3608
747578,47.5757554,-117.3573217
747579,47.57602,-117.3536
747580,47.57802,-117.32253
747581,47.57842998,-117.3552
747582,47.57883,-117.3282
747583,47.57594,-117.3527
747584,47.56989,-117.2899
747585,47.6094,-117.2859
747586,47.61524,-117.28015
747587,47.61888,-117.28013
747588,47.62316,-117.2811
747589,47.6308,-117.2996
747590,47.6378,-117.2996
747591,47.6381,-117.2812
747592,47.64417,-117.29629
747593,47.64423,-117.28559
747594,47.64426,-117.28023
747595,47.64426,-117.28023
747596,47.6474,-117.3021
747597,47.64783,-117.29627
747598,47.64784,-117.29093
747599,47.64788,-117.2856
747600,47.6479,-117.2808
747601,47.64278,-117.2894
747602,47.61885,-117.2694
747603,47.61979,-117.269
747604,47.65343815,-117.2683671
747605,47.58163,-117.26802
747606,47.63024,-117.2577
747607,47.59981,-117.25739
747608,47.60704,-117.25192
747609,47.5998,-117.2519
747610,47.58531,-117.25177
747611,47.58168,-117.25171
747612,47.6289,-117.2517
747613,47.5992,-117.2513
747614,47.6037,-117.2491
747615,47.5998,-117.24647
747616,47.59617,-117.24646
747617,47.58893,-117.2464
747618,47.58167998,-117.2463
747619,47.59256,-117.241
747620,47.5853,-117.24095
747621,47.62683,-117.2387
747622,47.62607,-117.2371
747623,47.585,-117.2368
747624,47.59256,-117.23562
747625,47.5766,-117.2315
747626,47.60341,-117.23034
747627,47.5998,-117.23033
747628,47.58892,-117.23029
747629,47.57804,-117.23025
747630,47.66296,-117.2644
747631,47.64089,-117.2719
747632,47.57074,-117.27356
747633,47.5907,-117.2251
747634,47.59617,-117.22502
747635,47.58528,-117.22494
747636,47.58623,-117.2242
747637,47.59798,-117.2223
747638,47.62605,-117.22091
747639,47.61187,-117.2204
747640,47.58837,-117.2191
747641,47.60701,-117.2143
747642,47.57802,-117.21425
747643,47.61503687,-117.2128804
747644,47.59978,-117.20898
747645,47.5891,-117.2082
747646,47.6668,-117.2072
747647,47.58327,-117.2064
747648,47.59614,-117.20365
747649,47.58525,-117.2036
747650,47.66951,-117.2019
747651,47.62603,-117.19934
747652,47.63331,-117.19931
747653,47.5768,-117.197
747654,47.6314,-117.1936
747655,47.6156,-117.1935
747656,47.58157,-117.1929
747657,47.61538,-117.204
747658,47.61374,-117.2118
747659,47.58165,-117.2025
747660,47.5841,-117.3348
747661,47.5845,-117.3278
747662,47.58512,-117.3399
747663,47.58538,-117.3279
747664,47.58557,-117.33874
747665,47.58602,-117.3089
747666,47.58911998,-117.3333
747667,47.58921,-117.3387
747668,47.59052,-117.3045
747669,47.59248,-117.30624
747670,47.59248,-117.30624
747671,47.59256,-117.31709
747672,47.59623,-117.32248
747673,47.59648,-117.33867
747674,47.59991,-117.32783
747675,47.59991,-117.32783
747676,47.60001,-117.33322
747677,47.60027,-117.35488
747678,47.60027,-117.35488
747679,47.60091,-117.3412
747680,47.60353,-117.32778
747681,47.60372,-117.33856
747682,47.6039,-117.3602
747683,47.60423,-117.3574
747684,47.60624,-117.3602
747685,47.60715,-117.3277
747686,47.60715,-117.32772
747687,47.60734,-117.3385
747688,47.6113,-117.3281
747689,47.59095,-117.3223
747690,47.63328,-117.18852
747691,47.5891,-117.1867
747692,47.62237,-117.18315
747693,47.62598,-117.18313
747694,47.6442,-117.18314
747695,47.66607,-117.18314
747696,47.60699,-117.18211
747697,47.58516,-117.17685
747698,47.62439168,-117.176278
747699,47.6204,-117.1729
747700,47.65146,-117.17236
747701,47.64417,-117.1723
747702,47.65034041,-117.170342
747703,47.62236,-117.16703
747704,47.58879,-117.16678
747705,47.64051,-117.1616
747706,47.5924,-117.16139
747707,47.60698,-117.1613
747708,47.61517,-117.151
747709,47.667,-117.189
747710,47.6376,-117.1642
747711,47.6688,-117.1833
747712,47.6167,-117.1605
747713,47.6346,-117.1788
747714,47.632,-117.1607
747715,47.5871,-117.1847
747716,47.5882,-117.1628
747717,47.6194,-117.1465
747718,47.5845,-117.1617
747719,47.62603,-117.1876
747720,47.61073,-117.1707
747721,47.62129,-117.1729
747722,47.5869,-117.1842
747723,47.5934,-117.1771
747724,47.60278,-117.1789
747725,47.58347616,-117.178414
750129,48.04411,-117.1946
750131,48.026,-117.1838
750133,48.00045,-117.17926
750134,48.00768,-117.17913
750140,48.0437,-117.15844
750142,47.98946,-117.14792
750144,47.99683,-117.13708
750146,48.02541,-117.12118
750149,48.02790801,-117.0980092
750150,48.01099,-117.09456
750154,48.01094,-117.16934
750155,48.0368,-117.18929
750156,48.04405,-117.18922
750158,48.0437,-117.16383
750162,48.00734,-117.16404
750163,47.9968,-117.13173
750165,48.0311,-117.1774
750166,47.9973,-117.1661
750169,48.0259,-117.1698
750170,48.0238,-117.1745
750171,48.0436,-117.0969
750176,47.74197,-117.13595
750177,47.74905,-117.12
750178,47.75263998,-117.1202
750179,47.7534,-117.1227
750180,47.75608,-117.1366
750181,47.7563,-117.1736
750182,47.7639,-117.1777
750183,47.76652,-117.1059
750184,47.7667,-117.1105
750185,47.7679,-117.1653
750186,47.7681,-117.1723
750187,47.7689,-117.1372
750188,47.77131,-117.167
750189,47.7781,-117.1784
750190,47.7932,-117.1575
750191,47.797,-117.1292
750192,47.80622,-117.119
750193,47.8121,-117.105
750194,47.7784,-117.1188
750195,47.74994,-117.1426
750196,47.79408,-117.1758
750197,47.76432,-117.1041
750198,47.76516,-117.1227
750199,47.75729,-117.128
750200,47.79517,-117.1775
750201,47.75915,-117.1678
750202,47.7999,-117.1199
750375,48.00023,-117.07861
750376,48.02545,-117.0784
750404,48.0409,-117.045
750405,48.0114,-117.0861
750408,47.98218,-117.06743
750411,48.0331,-117.0526
750413,48.005795,-117.064952
750417,48.02013,-117.085
750418,48.03789,-117.0587
750425,47.93148223,-117.070205
750445,47.96387,-117.0843
750446,47.882,-117.0711
750447,47.7923,-117.0638
750448,47.8813,-117.0559
750449,47.87978,-117.05405
750450,47.8687,-117.053
750451,47.8834,-117.0521
750452,47.866322,-117.04413
750453,47.783972,-117.042378
750467,47.7969,-117.0596
750468,47.7974,-117.0585
750469,47.8793,-117.069
750471,47.7716,-117.0794
750473,47.81757,-117.0712
750474,47.76672,-117.0616
750475,47.797883,-117.057117
750476,47.81849,-117.0706
750478,47.75675,-117.06
750479,47.84938,-117.059
750482,47.77973,-117.0787
750483,47.80513,-117.0491
750484,47.73911,-117.0777
751387,47.8404,-117.1618
751388,47.841,-117.1072
751389,47.84947,-117.09668
751390,47.8525,-117.1631
751391,47.8526,-117.1186
751392,47.8566,-117.10718
751393,47.85663,-117.09113
751394,47.85685998,-117.1554
751395,47.86023,-117.09644
751396,47.8618,-117.1544
751397,47.86270981,-117.0942718
751398,47.8639,-117.1509
751399,47.86416,-117.1336
751400,47.86759,-117.11776
751401,47.86767,-117.123
751402,47.87266816,-117.1777666
751403,47.87571,-117.18316
751404,47.8813,-117.1631
751405,47.88287,-117.14968
751406,47.908,-117.1256
751407,47.90813,-117.14418
751408,47.91187999,-117.0968
751409,47.9139,-117.0934
751410,47.9191,-117.1787
751411,47.9245,-117.1631
751412,47.9267,-117.1416
751413,47.92959,-117.13916
751414,47.9378,-117.1484
751415,47.9386,-117.1632
751416,47.95764,-117.13913
751417,47.96422,-117.08912
751418,47.96730946,-117.1470787
751419,47.97431457,-117.1720618
751420,47.97504,-117.10522
751421,47.87553,-117.0958
751422,47.87553619,-117.095814
751581,47.75284,-117.0452
751582,47.76004,-117.09874
751583,47.76012,-117.05574
751584,47.76012,-117.05574
751585,47.76365,-117.05571
751586,47.76369,-117.0662
751587,47.76708,-117.10376
751588,47.76713,-117.09812
751590,47.77076998,-117.0712
751592,47.78155,-117.05572
751593,47.79976,-117.0609
751594,47.79983,-117.08757
751596,47.81054,-117.09275
751597,47.81399,-117.1143
751599,47.82111,-117.10729
751601,47.83875,-117.10206
751602,47.79253,-117.06088
751603,47.7957,-117.0465
751604,47.77,-117.0804
751605,47.77624,-117.0623
776753,47.84077,-117.722
776755,47.84053,-117.72055
776756,47.8693,-117.6801
776757,47.87294,-117.6777
776758,47.86225,-117.67768
776759,47.8537,-117.6774
776760,47.86209,-117.6764
776761,47.864,-117.6759
776762,47.87228447,-117.672607
776763,47.86573,-117.67224
776764,47.86573,-117.67224
776765,47.86932001,-117.6722
776766,47.87396,-117.6678
776777,47.91376,-117.4896
776778,47.91476,-117.4864
776779,47.90527,-117.4835
776780,47.91212,-117.4818
776781,47.93566,-117.4774
776782,47.93069,-117.47424
776783,47.9045,-117.474
776784,47.91494,-117.4679
776785,47.9253,-117.4657
776786,47.86562,-117.46249
776787,47.93083,-117.45787
776788,47.90293,-117.4526
776789,47.9141,-117.4486
776790,47.8671,-117.4378
776791,47.91888,-117.4347
776792,47.87537,-117.4318
776793,47.88358,-117.4309
776794,47.8871,-117.4301
776795,47.8795,-117.4282
776796,47.89896,-117.428
776797,47.8845,-117.4269
776798,47.87054,-117.424
776799,47.86404,-117.4239
776800,47.9079,-117.4238
776801,47.85727,-117.422
776802,47.8846,-117.4203
776803,47.90201,-117.4197
776804,47.9253,-117.4195
776805,47.89768,-117.4192
776806,47.913,-117.4189
776807,47.9056,-117.4147
776808,47.88383,-117.4325
776809,47.92011,-117.45
776810,47.8577,-117.4786
776811,47.90692,-117.4432
776812,47.92028,-117.4594
776813,47.91817,-117.4533
776814,47.92067,-117.4561
776815,47.91894,-117.4542
776816,47.93237,-117.4767
776817,47.84287616,-117.4207141
776827,47.8731,-117.5335
776828,47.89021,-117.53293
776829,47.9392,-117.5298
776830,47.93781,-117.52
776831,47.89325,-117.5175
776832,47.9001,-117.5141
776833,47.87957,-117.51137
776834,47.93401,-117.50126
776835,47.8689,-117.4955
776841,47.83929,-117.5271
776842,47.89437,-117.5322
776844,47.92216,-117.5
776852,47.84641,-117.5266
776853,47.90525,-117.4991
776854,47.9413,-117.5097
776855,47.9413,-117.5097
776857,47.9028,-117.5094
776900,47.8787,-117.6829
776931,47.88138,-117.6894
777093,47.94509,-117.4598
777094,47.94297,-117.3896
777095,47.94202,-117.4614
777096,47.96661,-117.3967
777097,47.986,-117.4215
777098,47.96579,-117.4034
777099,48.00037,-117.3761
777100,47.94033,-117.4656
777101,47.99586,-117.3817
777102,47.94084,-117.4624
777103,47.96689,-117.4033
777104,47.9398,-117.4659
777105,47.98134,-117.3818
777106,47.94349,-117.4819
777107,47.94148,-117.4454
777108,47.99709,-117.3779
777109,48.00107,-117.4326
777110,47.97358,-117.4773
777111,47.95544,-117.3923
777112,47.9618,-117.4117
777113,47.97572,-117.4471
777114,47.9501,-117.3994
777115,47.9499,-117.4041
777116,47.9555,-117.4091
777117,47.9729,-117.47166
777118,47.96915,-117.46117
777119,47.9956,-117.3812
777120,47.9571,-117.3956
777121,47.9791,-117.4864
777122,47.97598,-117.37918
777123,47.97235,-117.37921
777124,47.9421,-117.3798
777125,47.9691,-117.3821
777126,47.9561,-117.38291
777127,47.98686,-117.39534
777128,48.00127,-117.39559
777129,47.9801,-117.3956
777130,47.96151,-117.40115
777131,47.9836,-117.4036
777132,47.9797,-117.4059
777133,48.00134,-117.40655
777134,47.98694,-117.41751
777135,47.98694,-117.41751
777136,48.00184,-117.4449
777137,47.98008,-117.45586
777138,47.94522,-117.46352
777139,47.94885,-117.46894
777140,47.9816,-117.4756
777141,47.9635,-117.4858
777142,47.98145,-117.4251
777186,47.95592,-117.4904
777187,47.95898,-117.49574
777188,47.96211,-117.4881
777189,47.9622727,-117.5000753
777205,47.95222,-117.49583
777206,47.9553,-117.53447
777212,48.0084,-117.5268
777220,47.97816,-117.5285
777224,48.00943,-117.5257
777225,47.96792,-117.5064
777226,47.99363,-117.5131
777229,47.95927,-117.4884
777275,48.0277,-117.5124
777278,48.01646,-117.4615
777279,48.0128,-117.4513
777283,48.01966,-117.42303
777285,48.0441,-117.4212
777287,48.01949,-117.41219
777292,48.01601,-117.423
777293,48.00917,-117.45052
777294,48.00523,-117.4283
777295,48.00496,-117.40658
777296,48.0088,-117.4065
777298,48.0193,-117.4173
777299,48.01288,-117.46686
777300,48.0144,-117.3903
777301,48.0128,-117.3808
777302,48.027,-117.4712
777304,48.0125,-117.4505
777305,48.0063,-117.451
777306,48.0414,-117.3798
777307,48.018,-117.428
777311,48.02367,-117.402
777312,48.03953,-117.3821
777313,48.02345,-117.4501
777314,48.01268,-117.4048
777315,48.0046,-117.4025
777318,48.02124,-117.4487
777320,48.02381,-117.5233
777596,47.90566,-117.40899
777597,47.9372,-117.4044
777598,47.89846,-117.40361
777599,47.86931,-117.40325
777600,47.86569,-117.40315
777601,47.9222,-117.4014
777602,47.8988,-117.4008
777603,47.89079,-117.3982
777604,47.9156,-117.3981
777605,47.91303,-117.3975
777606,47.92332,-117.3947
777607,47.9211,-117.3946
777608,47.9134,-117.3917
777609,47.87373,-117.3884
777610,47.9377,-117.3881
777611,47.914897,-117.386286
777612,47.884,-117.38198
777613,47.88799,-117.3816
777614,47.8676,-117.3789
777615,47.87308,-117.37652
777616,47.93488,-117.3752
777617,47.84364,-117.3925
777618,47.90327,-117.3814
777619,47.91332,-117.4002
777620,47.87395,-117.3953
777621,47.86919,-117.3767
777633,47.84828,-117.7043
777640,47.85495,-117.69874
777642,47.8519,-117.6952
777643,47.84421,-117.69346
777644,47.86712,-117.6929
777645,47.86578,-117.68824
777646,47.84139925,-117.6878974
777647,47.8396,-117.6865
777648,47.85194,-117.7007
777900,47.44788,-117.73338
777901,47.44788,-117.73338
777902,47.4696,-117.72793
777903,47.4724,-117.7224
777904,47.4432,-117.7224
777905,47.44791,-117.71739
777906,47.44428,-117.71738
777907,47.44428,-117.71738
777908,47.48767,-117.71731
777909,47.44783,-117.71204
777910,47.50553999,-117.712
777911,47.50913999,-117.712
777912,47.51647,-117.70675
777913,47.49845999,-117.7067
777914,47.45121,-117.70118
777915,47.46589,-117.70113
777916,47.45857,-117.70113
777917,47.50578,-117.69609
777918,47.46218,-117.69574
777919,47.50581,-117.69062
777920,47.44035,-117.69061
777921,47.5237695,-117.6883556
777922,47.46211999,-117.6853
777923,47.46578,-117.68529
777924,47.45843,-117.68525
777925,47.45843,-117.68525
777926,47.52377,-117.68524
777927,47.52738,-117.68521
777928,47.47301,-117.6852
777929,47.51666,-117.6852
777930,47.44743,-117.68518
777931,47.50849405,-117.684015
777932,47.46576,-117.68
777933,47.45842,-117.67992
777934,47.4876,-117.7039
777935,47.4562,-117.7108
777936,47.4949,-117.69606
777937,47.4546,-117.7221
777938,47.438191,-117.6909
777939,47.51017,-117.6999
777940,47.50605,-117.6972
777941,47.458,-117.696
777942,47.4575,-117.6999
777943,47.51429,-117.6783
777944,47.45185,-117.6952
777945,47.50363,-117.6943
777946,47.44193,-117.7441
777947,47.50661,-117.7053
777979,47.26181,-117.60393
777980,47.26907998,-117.7072
777981,47.28793,-117.7169
777982,47.29,-117.71
777983,47.290535,-117.623388
777984,47.29187,-117.694
777985,47.29252,-117.6572
777986,47.29996298,-117.6146378
777987,47.30563,-117.66324
777988,47.30605,-117.6381
777989,47.3128,-117.7122
777990,47.31296,-117.66878
777991,47.32389,-117.63062
777992,47.33101,-117.67389
777993,47.33333333,-117.7
777994,47.33466,-117.66315
777995,47.3383,-117.65781
777996,47.3395,-117.604
777997,47.3446,-117.6288
777998,47.3457,-117.71754
777999,47.34943997,-117.6095
778000,47.34985,-117.643
778001,47.32737,-117.635
778002,47.3459,-117.6382
778003,47.34678,-117.6373
778004,47.3390161,-117.668014
778005,47.3332061,-117.655914
778076,47.4621,-117.67462
778077,47.44748,-117.66915
778078,47.51666667,-117.6666667
778079,47.43666,-117.65855
778080,47.44026,-117.65313
778081,47.44026,-117.64777
778082,47.4666,-117.6344
778083,47.5,-117.6333333
778084,47.45833333,-117.625
778085,47.45833333,-117.625
778086,47.45833333,-117.625
778087,47.45833333,-117.625
778088,47.46204,-117.62077
778089,47.45,-117.6166667
778090,47.46666667,-117.6166667
778091,47.5,-117.6166667
778092,47.4491,-117.6071
778093,47.4452,-117.6031
778094,47.49112,-117.6316
778095,47.502,-117.661
778096,47.47277778,-117.6052778
778097,47.4725,-117.6079
778098,47.4434,-117.6685
778099,47.4514,-117.6767
778100,47.435,-117.631
778101,47.5191,-117.6764
778102,47.5304,-117.6628
778103,47.471869,-117.601818
778104,47.4699,-117.6309
778105,47.51987,-117.6684
778106,47.49768,-117.6594
778107,47.51638,-117.6727
778108,47.51244,-117.6547
778109,47.4658,-117.6357
778110,47.5164,-117.6737
778111,47.46441,-117.6119
778112,47.50023611,-117.6396141
778113,47.2823,-117.5932
778114,47.29792,-117.5395
778115,47.29815,-117.58228
778116,47.30547,-117.59307
778117,47.3095,-117.5678
778118,47.32,-117.538
778119,47.335,-117.5995
778120,47.33701477,-117.5781362
778121,47.34173,-117.57678
778122,47.34544002,-117.577
778123,47.3491,-117.5664
778124,47.355719,-117.539681
778125,47.37115,-117.5431
778126,47.3744,-117.5644
778127,47.37836,-117.57211
778128,47.38333333,-117.5833333
778129,47.38333333,-117.5833333
778130,47.38333333,-117.5333333
778131,47.3848,-117.5938
778132,47.3877,-117.5762
778133,47.3885,-117.5644
778134,47.3896,-117.581
778135,47.30382,-117.5564
778136,47.38993,-117.5842
778137,47.36444,-117.5988
778138,47.36369611,-117.562614
778139,47.459,-117.577
778140,47.4631,-117.5764
778141,47.4644,-117.5632
778142,47.4668,-117.5366
778143,47.4724,-117.551
778144,47.47652,-117.57277
778145,47.47696,-117.53176
778146,47.48001,-117.553
778147,47.48005,-117.55834
778148,47.48022,-117.5835
778149,47.48363,-117.54776
778150,47.49093095,-117.5507363
778151,47.491,-117.5673
778152,47.49839,-117.53732
778153,47.5016,-117.551
778154,47.50188,-117.54266
778155,47.50552,-117.54266
778156,47.50915,-117.5426
778157,47.5162,-117.5295
778158,47.52723,-117.53176
778159,47.52735,-117.55826
778160,47.52738,-117.57268
778161,47.45499,-117.53241
778162,47.48732,-117.5532
778163,47.5019,-117.55334
778164,47.48018,-117.57812
778165,47.52376,-117.58344
778166,47.4625,-117.533
778167,47.48105,-117.52654
778168,47.4962,-117.5641
778169,47.5114,-117.5438
778170,47.4941,-117.5778
778171,47.502,-117.555
778172,47.477,-117.581
778173,47.463,-117.582
778174,47.481,-117.561
778175,47.4668,-117.5864
778176,47.5011,-117.5323
778177,47.5033,-117.5561
778178,47.461,-117.529
778179,47.5148,-117.529
778180,47.5206,-117.5289
778181,47.47597,-117.5776
778182,47.49607,-117.5621
778183,47.47743,-117.5754
778184,47.46248,-117.5334
778185,47.478514,-117.535773
778186,47.50301,-117.5384
778187,47.52439,-117.5595
778188,47.48396,-117.5764
778189,47.52930612,-117.565914
778190,47.38055556,-117.5
778191,47.3911,-117.4882
778192,47.4,-117.5
778193,47.4002,-117.5243
778194,47.4045,-117.4885
778195,47.4083,-117.4944
778196,47.4197,-117.5243
778197,47.4206,-117.5155
778198,47.4274,-117.4891
778199,47.4274,-117.4811
778200,47.4281,-117.5243
778201,47.4286,-117.5243
778202,47.43271,-117.50667
778203,47.4328,-117.51202
778204,47.43625,-117.48515
778205,47.4462,-117.5168
778206,47.4465,-117.5096
778207,47.44759,-117.47986
778208,47.4491,-117.4881
778209,47.45515,-117.47974
778210,47.45535,-117.52161
778211,47.4554,-117.4883
778212,47.45909,-117.49566
778213,47.4591,-117.4894
778214,47.4592,-117.4882
778215,47.4632,-117.5243
778216,47.4635,-117.4891
778217,47.4742,-117.4873
778218,47.40861111,-117.5072222
778219,47.457,-117.489
778220,47.4102,-117.4727
778221,47.4816,-117.5043
778222,47.486,-117.5
778223,47.46,-117.505
778224,47.4547,-117.4954
778225,47.4521,-117.4956
778226,47.4777,-117.4762
778227,47.4608,-117.5051
778228,47.4698,-117.4896
778229,47.482889,-117.502328
778230,47.48481,-117.5042
778231,47.43576,-117.4822
778232,47.45951,-117.4795
778233,47.421167,-117.499888
778234,47.26502,-117.44294
778235,47.27243,-117.40996
778236,47.28329,-117.43142
778237,47.28339,-117.39891
778238,47.30539,-117.4092
778239,47.31622,-117.3612
778240,47.341,-117.4653
778241,47.34890001,-117.3884
778242,47.36666667,-117.4166667
778243,47.3977287,-117.424922
778244,47.41448,-117.40413
778245,47.42153,-117.44248
778246,47.42882,-117.4639
778247,47.43236002,-117.4477
778248,47.43602,-117.44222
778249,47.44451591,-117.4476238
778250,47.44641602,-117.4677448
778251,47.447,-117.40891
778252,47.283,-117.3891
778253,47.4356,-117.463
778254,47.4501,-117.4524
778255,47.366,-117.4004
778256,47.3556,-117.4556
778257,47.28439,-117.3618
778258,47.3386,-117.41289
778260,47.26898,-117.3714
778261,47.31042612,-117.445014
778262,47.28209612,-117.427314
778263,47.4766,-117.4694
778264,47.48114,-117.4689
778265,47.48477,-117.46877
778266,47.48477,-117.46877
778267,47.48839,-117.4686
778268,47.49564,-117.46835
778269,47.49564,-117.46835
778270,47.49548,-117.46301
778271,47.50998,-117.46296
778272,47.5274,-117.4626
778273,47.4847,-117.4624
778274,47.47709,-117.45828
778275,47.46598,-117.45827
778276,47.50607,-117.45239
778277,47.52039,-117.45211
778278,47.4695,-117.4492
778279,47.465,-117.4491
778280,47.45846,-117.44761
778281,47.48777,-117.44737
778282,47.45839,-117.44228
778283,47.48397,-117.4422
778284,47.51665,-117.44161
778285,47.48753,-117.4369
778286,47.49121,-117.43687
778287,47.5023,-117.431
778288,47.50555,-117.43069
778289,47.49059,-117.422
778290,47.51266,-117.41934
778291,47.51628,-117.41926
778292,47.47608,-117.41388
778293,47.519,-117.4088
778294,47.46158,-117.40344
778295,47.4725,-117.40327
778296,47.4578,-117.401
778297,47.46689,-117.4348
778298,47.45946,-117.43701
778299,47.50377,-117.4565
778300,47.51294,-117.4886
778301,47.53006,-117.4355
778302,47.52334,-117.4518
778303,47.49075,-117.4675
778304,47.5172,-117.4911
778305,47.49982613,-117.431914
778306,47.50899,-117.39799
778307,47.5126,-117.39791
778308,47.5274,-117.39776
778309,47.52374,-117.39773
778310,47.48451,-117.394
778311,47.51261,-117.39254
778312,47.48719,-117.38734
778313,47.51994,-117.38702
778314,47.52728,-117.387
778315,47.52365,-117.38698
778316,47.5155,-117.3849
778317,47.512,-117.3813
778318,47.5193,-117.3803
778319,47.4724,-117.3796
778320,47.48711,-117.37652
778321,47.46976644,-117.3719972
778322,47.47607,-117.37111
778323,47.528,-117.364
778324,47.498806,-117.393972
778325,47.47068,-117.3792
778326,47.52005,-117.3922
778327,47.51676,-117.36802
778328,47.5288,-117.3817
778361,47.3952,-117.5431
778362,47.4,-117.5333333
778363,47.4004,-117.5864
778364,47.4032,-117.5784
778365,47.40638889,-117.5366667
778366,47.40756,-117.57245
778367,47.408931,-117.547788
778368,47.4115,-117.5355
778369,47.4144,-117.5488
778370,47.4144,-117.5431
778371,47.4155,-117.5532
778372,47.416,-117.5294
778373,47.416599,-117.533548
778374,47.4173,-117.5573
778375,47.4185,-117.5744
778376,47.4195,-117.5421
778377,47.423793,-117.565427
778378,47.424429,-117.567329
778379,47.4251,-117.5652
778380,47.4255,-117.5648
778381,47.4281,-117.5365
778382,47.4311,-117.5436
778383,47.432,-117.543
778384,47.433,-117.568
778385,47.43301,-117.5886
778386,47.4352,-117.5682
778387,47.4361,-117.5757
778388,47.4387,-117.5644
778389,47.4409,-117.5438
778390,47.4427,-117.5431
778391,47.35681,-117.64196
778392,47.35689,-117.65803
778393,47.36142,-117.6224
778394,47.3641,-117.70161
778395,47.36615,-117.6221
778396,47.36781,-117.66891
778397,47.374,-117.61
778398,47.3825,-117.6298
778399,47.3832,-117.6677
778400,47.38416667,-117.6513889
778401,47.3844,-117.6402
778402,47.38972,-117.67982
778403,47.3902,-117.6432
778404,47.393059,-117.61282
778405,47.39693,-117.67984
778406,47.39730159,-117.6881977
778407,47.411,-117.648
778408,47.41666667,-117.6333333
778409,47.41845,-117.65852
778410,47.4195,-117.6071
778411,47.4243,-117.6302
778412,47.4245,-117.6294
778413,47.42565,-117.653
778414,47.4282,-117.6101
778415,47.428618,-117.613015
778416,47.4296,-117.68534
778417,47.4319,-117.7117
778418,47.43313,-117.63176
778419,47.43321999,-117.7014
778420,47.40968,-117.6816
778500,47.6336,-117.34434
778501,47.65178,-117.34431
778502,47.65178,-117.34431
778503,47.6221,-117.3347
778504,47.6365,-117.3346
778505,47.63351,-117.33367
778506,47.63351,-117.33367
778507,47.6226,-117.33367
778508,47.64444,-117.33365
778509,47.6408,-117.33366
778510,47.64444,-117.33365
778511,47.6517,-117.33363
778512,47.6517,-117.33363
778513,47.6444,-117.32833
778514,47.63347,-117.32833
778515,47.65165,-117.3283
778516,47.636944,-117.320278
778517,47.61889,-117.31764
778518,47.64067,-117.31762
778519,47.64067,-117.31762
778520,47.62974,-117.31763
778521,47.6443,-117.31761
778522,47.6443,-117.31761
778523,47.64066998,-117.3176
778524,47.6221,-117.3132
778525,47.6509,-117.3132
778526,47.64425,-117.31224
778527,47.64425,-117.31224
778528,47.6515,-117.31218
778529,47.63332,-117.30692
778530,47.64057,-117.3069
778531,47.6376,-117.3362
778532,47.6273,-117.342
778533,47.61901,-117.33903
778534,47.62627,-117.33902
778535,47.6358,-117.3486
778536,47.6397,-117.3163
778537,47.635,-117.3355
778538,47.63333,-117.3336
778539,47.64538,-117.32005
778540,47.62763,-117.344
778541,47.64949,-117.3397
778542,47.63777,-117.3389
778543,47.61609,-117.293
778544,47.63907,-117.2867
778545,47.61877616,-117.265514
778546,47.62979,-117.0583
778547,47.6311,-117.0538
778548,47.6324,-117.082
778549,47.633483,-117.056217
778550,47.63607,-117.075
778551,47.6365,-117.0773
778552,47.6366,-117.07048
778553,47.63665,-117.08125
778554,47.63675,-117.10263
778555,47.6368,-117.0557
778556,47.63687001,-117.1402
778557,47.6376,-117.0997
778558,47.6394,-117.1083
778559,47.64019001,-117.0545
778560,47.64019,-117.05453
778561,47.64022,-117.06522
778562,47.6403,-117.1144
778563,47.64048,-117.1295
778564,47.64751998,-117.0654
778565,47.64752,-117.06538
778566,47.65113999,-117.0601
778567,47.65132,-117.10282
778568,47.6543,-117.0607
778569,47.66223,-117.09764
778570,47.66231,-117.1243
778571,47.63625,-117.0616
778572,47.64788,-117.0672
778573,47.65166,-117.0486
778574,47.6306,-117.049
778575,47.63079,-117.0798
778576,47.64929,-117.0508
778577,47.63461,-117.1882
778578,47.63559,-117.0555
778735,47.6489,-117.2963
778736,47.6496,-117.2935
778737,47.65,-117.2945
778738,47.6501,-117.2876
778739,47.651,-117.2956
778740,47.65144,-117.30154
778741,47.65146,-117.2963
778742,47.65146,-117.29626
778743,47.65146,-117.29626
778744,47.65149,-117.29092
778745,47.65149,-117.2909
778746,47.65149,-117.2911
778747,47.65152,-117.28559
778748,47.65152,-117.28559
778749,47.65154,-117.28022
778750,47.65154,-117.28022
778751,47.6519,-117.2934
778752,47.6519,-117.2955
778753,47.652,-117.2934
778754,47.652,-117.2933
778755,47.652,-117.2934
778756,47.6521,-117.2922
778757,47.6529,-117.2936
778758,47.6534,-117.301
778759,47.65385,-117.2996
778760,47.6542,-117.2917
778761,47.65435,-117.2915
778762,47.6544,-117.2813
778763,47.65441,-117.2916
778764,47.65506,-117.30153
778765,47.65512,-117.2909
778766,47.65515,-117.28555
778767,47.65562,-117.2903
778768,47.65581,-117.292
778769,47.65586,-117.3025
778770,47.64865,-117.2859
778771,47.651,-117.2937
778772,47.65161,-117.2959
778773,47.65202,-117.291
778774,47.65169,-117.2909
778775,47.66785,-117.3109
778776,47.65395,-117.3008
778777,47.65199616,-117.291314
778824,47.724,-117.1641
778825,47.681,-117.2301
778826,47.7099,-117.2506
778827,47.7578,-117.1727
778828,47.6856,-117.2326
778829,47.7209,-117.2117
778830,47.70216,-117.2534
778831,47.68069,-117.23164
778832,47.68433,-117.23165
778833,47.73128,-117.205
778834,47.6769,-117.1512
778835,47.7059,-117.20506
778836,47.7059,-117.20506
778837,47.75666,-117.24816
778838,47.72041,-117.19962
778839,47.70593,-117.18352
778840,47.71678,-117.18346
778841,47.7204,-117.20501
778842,47.7495,-117.18891
778843,47.68426,-117.22092
778844,47.68064,-117.22087
778845,47.75239,-117.15828
778846,47.72038,-117.21041
778847,47.70231,-117.18355
778848,47.69867,-117.17314
778849,47.75661,-117.23204
778850,47.74924,-117.16887
778851,47.74584,-117.20504
778852,47.73853,-117.22124
778853,47.73484,-117.16313
778854,47.73483,-117.25886
778855,47.73125,-117.23199
778856,47.72934854,-117.2322343
778857,47.72402,-117.20499
778858,47.71312,-117.1522
778859,47.693,-117.1637
778860,47.6764,-117.1505
778861,47.67992,-117.1711
778862,47.68394,-117.1754
778863,47.6787,-117.164
778864,47.67558,-117.2204
778865,47.70414,-117.1871
778866,47.67774,-117.2345
778867,47.71877,-117.2018
778868,47.67451,-117.1992
778869,47.6786,-117.205
778870,47.74477618,-117.172514
778871,47.71060617,-117.217414
778872,47.67540616,-117.240714
778873,47.6797,-117.0773
778874,47.6800083,-117.0749321
778875,47.68008,-117.04444
778876,47.6812,-117.0576
778877,47.69138,-117.14108
778878,47.69501,-117.1357
778879,47.70583,-117.11993
778880,47.70946,-117.06091
778881,47.70949,-117.13599
778882,47.7102,-117.1439
778883,47.71667,-117.11995
778884,47.7181,-117.1404
778885,47.72031,-117.08859
778886,47.7218,-117.0967
778887,47.72364,-117.1146
778888,47.72403998,-117.1468
778889,47.7256,-117.1165
778890,47.72617676,-117.1243368
778891,47.73133,-117.0659
778892,47.7331,-117.0496
778893,47.73477,-117.13046
778894,47.73488,-117.061
778895,47.73491,-117.08809
778896,47.73635,-117.1224
778897,47.7366,-117.0797
778898,47.74941,-117.08794
778899,47.75196619,-117.0471129
778900,47.70761,-117.144
778901,47.7352,-117.0561
778902,47.72214,-117.0898
778903,47.69468,-117.0551
778904,47.68504,-117.0465
778905,47.69463,-117.0546
778906,47.69414,-117.0561
778907,47.69705,-117.0497
778908,47.72767,-117.0593
778909,47.69128,-117.0642
778910,47.69408,-117.0455
778911,47.69482,-117.0436
778912,47.6808,-117.0547
778913,47.70487,-117.1355
778914,47.6841,-117.0454
778915,47.70871,-117.1375
778916,47.68478,-117.0713
778917,47.7067,-117.1192
778918,47.70833,-117.1146
778919,47.74869,-117.0815
778920,47.69325,-117.0521
778921,47.71572618,-117.104414
778922,47.72384,-117.36016
778923,47.72383,-117.34949
778924,47.69531,-117.34932
778925,47.70943,-117.34405
778926,47.70943,-117.34405
778927,47.70585,-117.344
778928,47.70585,-117.344
778929,47.69877,-117.3439
778930,47.72383,-117.33872
778931,47.70938,-117.33863
778932,47.69154,-117.33859
778933,47.69154,-117.33859
778934,47.69154,-117.33859
778935,47.69154,-117.33859
778936,47.69154,-117.33859
778937,47.69516,-117.33858
778938,47.70683338,-117.3368591
778939,47.72231078,-117.3351784
778940,47.69505,-117.33329
778941,47.72019,-117.33329
778942,47.69143,-117.33327
778943,47.69143,-117.33327
778944,47.68782,-117.33324
778945,47.70939,-117.33322
778946,47.70353252,-117.3307922
778947,47.69857,-117.32792
778948,47.68768,-117.32264
778949,47.7021,-117.31713
778950,47.70573,-117.31712
778951,47.6913,-117.31187
778952,47.72388,-117.31185
778953,47.713,-117.3118
778954,47.70208,-117.31179
778955,47.70213,-117.32247
778956,47.71302,-117.34409
778957,47.69877,-117.34393
778958,47.72748,-117.3226
778959,47.7141,-117.3266
778960,47.721,-117.3323
778961,47.7265,-117.3447
778962,47.6898,-117.3264
778963,47.7098,-117.3358
778964,47.69036,-117.3364
778965,47.72123,-117.3576
778966,47.71659,-117.3065
778967,47.70932,-117.30139
778968,47.71295,-117.29633
778969,47.7057,-117.29628
778970,47.69849,-117.29623
778971,47.71296,-117.29097
778972,47.72396,-117.28566
778973,47.72763,-117.28565
778974,47.70934,-117.28557
778975,47.70934,-117.28557
778976,47.70934,-117.28557
778977,47.71297,-117.28025
778978,47.70571,-117.28019
778979,47.70571,-117.28019
778980,47.70208,-117.28017
778981,47.72394,-117.27492
778982,47.72392,-117.26956
778983,47.71297998,-117.2695
778984,47.70575,-117.2641
778985,47.71297,-117.28025
778986,47.69847,-117.30647
778987,47.7266,-117.2846
778988,47.6965,-117.307
778989,47.68995,-117.2698
778990,47.69532,-117.3039
778991,47.73479,-117.31192
778992,47.7373,-117.2917
778993,47.74116703,-117.3481291
778994,47.74213,-117.29631
778995,47.74914,-117.3604
778996,47.7517,-117.3561
778997,47.75242408,-117.3490337
778998,47.75999,-117.3496
778999,47.76363,-117.3496
779000,47.76363999,-117.3442
779001,47.76365,-117.35494
779002,47.76479152,-117.3434829
779003,47.76728,-117.34955
779004,47.77084,-117.33867
779005,47.77087,-117.34406
779006,47.77092,-117.34946
779007,47.77092,-117.34946
779008,47.77097,-117.35484
779009,47.77126,-117.2804
779010,47.74559,-117.32277
779011,47.75999,-117.35498
779012,47.73849,-117.29632
779013,47.7349,-117.28025
779014,47.76365,-117.35494
779015,47.75999,-117.35498
779016,47.7387,-117.336
779017,47.74334616,-117.3044141
779018,47.76392,-117.2374
779019,47.76757,-117.20495
779020,47.77099,-117.16807
779021,47.77116,-117.18872
779022,47.7749,-117.2589
779023,47.77839,-117.17795
779024,47.77841,-117.19934
779025,47.77845,-117.20478
779026,47.77849,-117.23185
779027,47.7785,-117.25339
779028,47.78,-117.15
779029,47.78186,-117.1677
779030,47.78768982,-117.161045
779031,47.79654,-117.19925
779032,47.7966,-117.24801
779033,47.80366,-117.16178
779034,47.80755,-117.2534
779035,47.81102,-117.18855
779036,47.81473,-117.19937
779037,47.81485,-117.25877
779038,47.81832,-117.19398
779039,47.82138,-117.1542
779040,47.82184,-117.18318
779041,47.82202,-117.21032
779042,47.8249,-117.17049
779043,47.77477,-117.19401
779044,47.79231,-117.13065
779045,47.79292,-117.26411
779046,47.83319,-117.23193
779047,47.7785,-117.25339
779048,47.7749,-117.25885
779049,47.77488,-117.25343
779050,47.76335,-117.1257
779051,47.81823,-117.18317
779052,47.811,-117.18316
779053,47.81473,-117.19937
779054,47.77074,-117.15735
779055,47.82919,-117.20494
779056,47.79959,-117.13586
779057,47.7678,-117.165
779058,47.7629,-117.1678
779059,47.8082,-117.1866
779060,47.8112,-117.1223
779061,47.80721,-117.1142
779062,47.82111617,-117.2623141
779063,47.76384618,-117.109814
779064,47.82393618,-117.2288141
779065,47.82905,-117.3282
779066,47.79641,-117.32813
779067,47.78912002,-117.3281
779068,47.79910116,-117.3273342
779069,47.82185,-117.3229
779070,47.81467,-117.31748
779071,47.8038,-117.3174
779072,47.80388,-117.31206
779073,47.7894,-117.3076
779074,47.82922,-117.3068
779075,47.80387,-117.2911
779076,47.78351575,-117.2893076
779077,47.79656,-117.2857
779078,47.8367,-117.27499
779079,47.8367,-117.27499
779080,47.81478,-117.27496
779081,47.77679473,-117.2731792
779082,47.79292,-117.26951
779083,47.80943,-117.2848
779084,47.81159,-117.2705
779085,47.81159617,-117.2705141
779086,47.83649,-117.36026
779087,47.81096,-117.36011
779088,47.80362,-117.36006
779089,47.79995,-117.36005
779090,47.79632,-117.36002
779091,47.79267,-117.35999
779092,47.79267,-117.35999
779093,47.7949,-117.3561
779094,47.78895,-117.35479
779095,47.80359,-117.35476
779096,47.79264,-117.35477
779097,47.81457,-117.34958
779098,47.81457,-117.34958
779099,47.78536,-117.34948
779100,47.79263,-117.34947
779101,47.82181,-117.3443
779102,47.81092,-117.34424
779103,47.80363,-117.34416
779104,47.80363,-117.34416
779105,47.78537,-117.34415
779106,47.79632,-117.34413
779107,47.78287911,-117.3398349
779108,47.8182,-117.33893
779109,47.80366,-117.33882
779110,47.80366,-117.33882
779111,47.7968,-117.336
779112,47.81736377,-117.3352025
779113,47.8381,-117.3346
779114,47.82904,-117.33363
779115,47.81094,-117.33353
779116,47.81094,-117.33353
779117,47.80368,-117.33348
779118,47.80368,-117.33348
779119,47.80368,-117.33348
